/*
SQLyog Ultimate v11.11 (64 bit)
MySQL - 5.7.18 : Database - OAManagingSystem
*********************************************************************
*/


/*!40101 SET NAMES utf8 */;

/*!40101 SET SQL_MODE=''*/;

/*!40014 SET @OLD_UNIQUE_CHECKS=@@UNIQUE_CHECKS, UNIQUE_CHECKS=0 */;
/*!40014 SET @OLD_FOREIGN_KEY_CHECKS=@@FOREIGN_KEY_CHECKS, FOREIGN_KEY_CHECKS=0 */;
/*!40101 SET @OLD_SQL_MODE=@@SQL_MODE, SQL_MODE='NO_AUTO_VALUE_ON_ZERO' */;
/*!40111 SET @OLD_SQL_NOTES=@@SQL_NOTES, SQL_NOTES=0 */;

USE `OAManagingSystem`;

/*Data for the table `ch_addresslist` */

insert  into `ch_addresslist`(`id`,`addTime`,`address`,`comment`,`company`,`name`,`phone`,`sex`,`type`,`user_id`) values (1,'2018-03-16 17:00:27','中国杭州市余杭区 文一西路969号 ','主要办公地点','阿里巴巴集团','','571-8502-2088',0,1,NULL),(2,'2018-03-16 17:05:30','北京市海淀区上地十街10号百度大厦','百度大厦','百度集团','','5992 8888',0,1,NULL),(3,'2018-03-16 17:07:37','深圳市南山区高新科技园中区一路腾讯大厦','腾讯深圳总部','腾讯集团','','0755-86013388',0,1,NULL),(4,'2018-03-16 17:11:05','广州市天河区科韵路16号广州信息港E栋网易大厦','网易广州公司','网易集团','','(+8620)-85105163',0,1,NULL),(5,'2018-03-16 17:16:36','Herald International Financial Leasing Co., Ltd. Building B55, UBP, No.10 Jiuxianqiao Road Chaoyang District, Beijing, China, 100015','中国区公司地址','Alphabet','',' 86 (10) 5906 6868',0,1,NULL),(6,'2018-03-17 19:19:24','深圳市龙岗区坂田华为基地','深圳（总部）','华为公司','','86 755 28780808',0,1,NULL),(7,'2018-03-17 19:34:33','广州市二沙岛81号别墅','竞争激烈81','顺丰快递','竞争者81号','1818181',1,2,NULL),(8,'2018-03-17 19:34:33','广州市二沙岛877号别墅','竞争激烈877','顺丰快递','竞争者877号','1877877877',1,2,NULL),(9,'2018-03-17 19:34:33','广州市二沙岛923号别墅','竞争激烈923','顺丰快递','竞争者923号','1923923923',0,2,NULL),(10,'2018-03-17 19:34:33','广州市二沙岛589号别墅','竞争激烈589','顺丰快递','竞争者589号','1589589589',1,2,NULL),(11,'2018-03-17 19:34:33','广州市二沙岛14号别墅','竞争激烈14','顺丰快递','竞争者14号','1141414',1,2,NULL),(12,'2018-03-17 19:34:33','广州市二沙岛720号别墅','竞争激烈720','顺丰快递','竞争者720号','1720720720',0,2,NULL),(13,'2018-03-17 19:34:33','广州市二沙岛529号别墅','竞争激烈529','顺丰快递','竞争者529号','1529529529',0,2,NULL),(14,'2018-03-17 19:34:34','广州市二沙岛290号别墅','竞争激烈290','顺丰快递','竞争者290号','1290290290',1,2,NULL),(15,'2018-03-17 19:34:34','广州市二沙岛387号别墅','竞争激烈387','顺丰快递','竞争者387号','1387387387',0,2,NULL),(16,'2018-03-17 19:34:34','广州市二沙岛541号别墅','竞争激烈541','顺丰快递','竞争者541号','1541541541',0,2,NULL),(17,'2018-03-17 19:34:34','广州市二沙岛888号别墅','竞争激烈888','顺丰快递','竞争者888号','1888888888',1,2,NULL),(18,'2018-03-17 19:34:34','广州市二沙岛595号别墅','竞争激烈595','顺丰快递','竞争者595号','1595595595',0,2,NULL),(19,'2018-03-17 19:34:34','广州市二沙岛481号别墅','竞争激烈481','顺丰快递','竞争者481号','1481481481',1,2,NULL),(20,'2018-03-17 19:34:34','广州市二沙岛981号别墅','竞争激烈981','顺丰快递','竞争者981号','1981981981',0,2,NULL),(21,'2018-03-17 19:34:34','广州市二沙岛592号别墅','竞争激烈592','顺丰快递','竞争者592号','1592592592',1,2,NULL),(22,'2018-03-17 19:34:34','广州市二沙岛327号别墅','竞争激烈327','顺丰快递','竞争者327号','1327327327',0,2,NULL),(23,'2018-03-17 19:34:34','广州市二沙岛142号别墅','竞争激烈142','顺丰快递','竞争者142号','1142142142',1,2,NULL),(24,'2018-03-17 19:34:34','广州市二沙岛240号别墅','竞争激烈240','顺丰快递','竞争者240号','1240240240',1,2,NULL),(25,'2018-03-17 19:34:34','广州市二沙岛368号别墅','竞争激烈368','顺丰快递','竞争者368号','1368368368',1,2,NULL),(26,'2018-03-17 19:34:34','广州市二沙岛912号别墅','竞争激烈912','顺丰快递','竞争者912号','1912912912',1,2,NULL),(27,'2018-03-17 19:37:56','广州市二沙岛759号别墅','友好合作759','京东快递','联系人759号','13759759759',1,0,1),(28,'2018-03-17 19:37:56','广州市二沙岛176号别墅','友好合作176','京东快递','联系人176号','13176176176',0,0,1),(29,'2018-03-17 19:37:56','广州市二沙岛893号别墅','友好合作893','京东快递','联系人893号','13893893893',0,0,1),(30,'2018-03-17 19:37:56','广州市二沙岛764号别墅','友好合作764','京东快递','联系人764号','13764764764',1,0,1),(31,'2018-03-17 19:37:56','广州市二沙岛427号别墅','友好合作427','京东快递','联系人427号','13427427427',0,0,1),(32,'2018-03-17 19:37:56','广州市二沙岛59号别墅','友好合作59','京东快递','联系人59号','13595959',1,0,1),(33,'2018-03-17 19:37:56','广州市二沙岛185号别墅','友好合作185','京东快递','联系人185号','13185185185',0,0,1),(34,'2018-03-17 19:37:56','广州市二沙岛736号别墅','友好合作736','京东快递','联系人736号','13736736736',1,0,1),(35,'2018-03-17 19:37:56','广州市二沙岛51号别墅','友好合作51','京东快递','联系人51号','13515151',1,0,1),(36,'2018-03-17 19:37:56','广州市二沙岛938号别墅','友好合作938','京东快递','联系人938号','13938938938',0,0,1),(37,'2018-03-17 19:37:57','广州市二沙岛400号别墅','友好合作400','京东快递','联系人400号','13400400400',1,0,1),(38,'2018-03-17 19:37:57','广州市二沙岛528号别墅','友好合作528','京东快递','联系人528号','13528528528',0,0,1),(39,'2018-03-17 19:37:57','广州市二沙岛706号别墅','友好合作706','京东快递','联系人706号','13706706706',0,0,1),(40,'2018-03-17 19:37:57','广州市二沙岛52号别墅','友好合作52','京东快递','联系人52号','13525252',1,0,1),(41,'2018-03-17 19:37:57','广州市二沙岛648号别墅','友好合作648','京东快递','联系人648号','13648648648',0,0,1),(42,'2018-03-17 19:37:57','广州市二沙岛805号别墅','友好合作805','京东快递','联系人805号','13805805805',1,0,1),(43,'2018-03-17 19:37:57','广州市二沙岛641号别墅','友好合作641','京东快递','联系人641号','13641641641',0,0,1),(44,'2018-03-17 19:37:57','广州市二沙岛572号别墅','友好合作572','京东快递','联系人572号','13572572572',1,0,1),(45,'2018-03-17 19:37:57','广州市二沙岛742号别墅','友好合作742','京东快递','','13742742742',0,1,NULL),(46,'2018-03-17 19:37:57','广州市二沙岛726号别墅','友好合作726','京东快递','联系人726号','13726726726',0,0,1),(47,'2018-03-18 14:46:39','小明公司','老同学','alphabet','小明','13508885000',1,0,3);

/*Data for the table `ch_asset` */

insert  into `ch_asset`(`id`,`addTime`,`company`,`invoices`,`model`,`phonenumber`,`price`,`repairPhone`,`titleName`,`assetType_id`,`state`) values (1,'2018-03-15 10:22:01','苹果电脑','ASHDKJAH1235482','MacBook',NULL,10288,'400-666-8800','Macbook',4,1),(2,'2018-03-15 10:45:08','Company 963.4561465033486','NAKSJHDAUIWHD577.8757593601542','Asset 862.2756282147952',NULL,7407.909802977701,'138577.6349432734693964.0176158136665','Asset 667.0096766069554',1,0),(3,'2018-03-15 10:45:08','Company 506.17057094311446','NAKSJHDAUIWHD434.14472983885645','Asset 642.3966537077195',NULL,1884.1312120372877,'138743.3850958322099852.32730006103','Asset 144.74358975256118',1,0),(4,'2018-03-15 10:45:08','Company 79.35750887637616','NAKSJHDAUIWHD475.6387959127606','Asset 888.0533479156253',NULL,4155.402547973742,'138693.2284571196105481.39779299931786','Asset 674.6906701819096',1,0),(5,'2018-03-15 10:45:08','Company 796.3814561111745','NAKSJHDAUIWHD686.4070492590919','Asset 15.344447306528842',NULL,582.0511777715919,'13837.10540410000529847.0776827704369','Asset 729.3871166655326',1,0),(6,'2018-03-15 10:45:08','Company 664.6286222857722','NAKSJHDAUIWHD989.9351074821016','Asset 56.119369337880975',NULL,1092.3852086599961,'138397.05142457806187744.2850798310276','Asset 635.2899877171435',1,0),(8,'2018-03-15 10:45:08','Company 21.197179444334747','NAKSJHDAUIWHD534.4978722480605','Asset 71.45414455772314',NULL,862.2821557784266,'138797.1061333130028778.9287215904443','Asset 827.466977587101',1,0),(9,'2018-03-15 10:45:08','Company 665.3188409095126','NAKSJHDAUIWHD686.7356958901065','Asset 60.176050246436134',NULL,4760.506625089523,'138237.18665279218965322.8890499267556','Asset 730.4209298629148',1,0),(10,'2018-03-15 10:45:08','Company 335.56616593922115','NAKSJHDAUIWHD744.6772435056818','Asset 275.1225608070127',NULL,3037.3632569093957,'138271.702484195644937.431962257869934','Asset 818.3065757550963',1,0),(11,'2018-03-15 10:45:08','Company 372.181908461668','NAKSJHDAUIWHD180.94924604414086','Asset 896.9430902900639',NULL,7912.548171030427,'13852.374044371576446134.31317860768988','Asset 755.2833678350241',1,0),(12,'2018-03-15 10:45:08','Company 378.771036133092','NAKSJHDAUIWHD294.1756307505725','Asset 469.2095344748574',NULL,7809.245351622693,'138927.8560900812132616.5468987994724','Asset 830.1296931047334',1,0),(13,'2018-03-15 10:45:08','Company 57.011840865936136','NAKSJHDAUIWHD796.3710617007905','Asset 899.1793427857293',NULL,9668.040099592452,'138171.02992296395126752.0269430281862','Asset 992.4050683767117',1,0),(14,'2018-03-15 10:45:08','Company 844.3232011015704','NAKSJHDAUIWHD140.0755258973131','Asset 665.073058075311',NULL,2033.216648920243,'138386.654254056241689.5403989198219','Asset 325.7198649833781',1,0),(15,'2018-03-15 10:45:08','Company 25.179196908738376','NAKSJHDAUIWHD781.7753521745004','Asset 785.2072907398068',NULL,3167.812276068326,'138495.52195219100315358.49881279259375','Asset 315.25036825671384',1,0),(16,'2018-03-15 10:45:09','Company 521.5062340874626','NAKSJHDAUIWHD636.3711554958951','Asset 175.1552865741418',NULL,2026.7506852254414,'138377.2483436434351271.55907418795687','Asset 175.16342920164718',1,0),(17,'2018-03-15 10:45:09','Company 683.8047748024761','NAKSJHDAUIWHD996.4324109192547','Asset 884.2851582023108',NULL,5367.736376449077,'138289.27083252482464428.7342931525994','Asset 989.7105462420133',1,0),(18,'2018-03-15 10:45:09','Company 816.5194077212573','NAKSJHDAUIWHD39.38082243654417','Asset 446.7447671560316',NULL,5306.124174983969,'138438.12154859289853717.0009243280845','Asset 594.1334943499886',1,0),(19,'2018-03-15 10:45:09','Company 546.0357565095426','NAKSJHDAUIWHD782.9982055078925','Asset 878.8265412771327',NULL,6506.576812838777,'138910.5555187624002799.930129711581','Asset 623.1003118935579',1,0),(20,'2018-03-15 10:45:09','Company 710.2614324113887','NAKSJHDAUIWHD558.3939640502578','Asset 65.44499927490533',NULL,5935.012544706147,'138857.8106033308987705.9871713903028','Asset 29.200818976353517',1,0),(21,'2018-03-15 10:45:09','Company 41.146783832398','NAKSJHDAUIWHD289.38178247172794','Asset 63.01391415588109',NULL,4912.346464808509,'138913.402397890383613.2132727528805','Asset 7.6848548470078715',1,0),(22,'2018-03-15 10:46:14','Company 739.5601711786272','NAKSJHDAUIWHD738.6942167801114','Asset 538.4501707741907',NULL,1931.410950463175,'13816.742082377133816419.0135171536589','Asset 714.9350369755788',2,0),(23,'2018-03-15 10:46:14','Company 96.8029434829959','NAKSJHDAUIWHD802.639658485281','Asset 18.534237287824773',NULL,7555.937899341051,'138709.1349780190786244.6054030233914','Asset 128.0129195333567',2,0),(24,'2018-03-15 10:46:14','Company 558.0217534963941','NAKSJHDAUIWHD659.671010206715','Asset 21.971603674813434',NULL,5474.841857784587,'138754.2412148157921209.64553986495682','Asset 139.77816870938932',2,0),(25,'2018-03-15 10:46:14','Company 877.185646319921','NAKSJHDAUIWHD968.8336656411379','Asset 587.0124623828091',NULL,2500.308476776867,'13879.67165045487712405.5523968453755','Asset 580.2214340970697',2,0),(26,'2018-03-15 10:46:14','Company 21.267523118419064','NAKSJHDAUIWHD208.05219893285255','Asset 194.55805738664566',NULL,460.08340259390934,'138720.4799032132677702.2103617150966','Asset 857.2550351196971',2,0),(27,'2018-03-15 10:46:14','Company 548.0782265152291','NAKSJHDAUIWHD157.2421216973834','Asset 262.0759096868556',NULL,4142.824727597239,'138106.8929853389953997.2931005842712','Asset 572.4562911254908',2,0),(28,'2018-03-15 10:46:14','Company 549.2592031167841','NAKSJHDAUIWHD469.42955479719694','Asset 653.728333793974',NULL,9928.754826030396,'138225.46524476809404727.3579898130266','Asset 620.9620670357046',2,0),(29,'2018-03-15 10:46:15','Company 998.8297695073671','NAKSJHDAUIWHD661.9309388355712','Asset 619.5023159393987',NULL,4517.226862505798,'138985.1350369170694888.8703312308978','Asset 750.4039360491757',2,0),(30,'2018-03-15 10:46:15','Company 258.25929306697384','NAKSJHDAUIWHD510.55793397889295','Asset 914.3793307846438',NULL,4766.734188498603,'13818.530513310755282869.0737853203453','Asset 766.2951693381905',2,0),(31,'2018-03-15 10:46:15','Company 101.00638728968025','NAKSJHDAUIWHD28.706284027497976','Asset 477.33236846756336',NULL,5478.61903633273,'138522.8139035762993162.31860030994437','Asset 725.2803025382591',2,0),(32,'2018-03-15 10:46:15','Company 847.4997199706826','NAKSJHDAUIWHD168.7510818007881','Asset 5.592851718116298',NULL,2369.475822353616,'138168.56366970453584634.9784976000576','Asset 226.32145665353886',2,0),(33,'2018-03-15 10:46:15','Company 577.7128556217002','NAKSJHDAUIWHD654.003820190347','Asset 719.5899215756466',NULL,5087.5865824036455,'138589.8520762674025537.4718966034687','Asset 456.32719069537455',2,0),(34,'2018-03-15 10:46:15','Company 103.15438874488636','NAKSJHDAUIWHD683.2674163517609','Asset 940.3693427650073',NULL,1009.5706274479754,'138777.622383428248170.38957657132927','Asset 635.9825264487448',2,0),(35,'2018-03-15 10:46:15','Company 646.4137649041035','NAKSJHDAUIWHD156.5689779043641','Asset 778.842222161339',NULL,6761.874426454606,'138909.555884669531977.1856256387321','Asset 504.9560149157838',2,0),(36,'2018-03-15 10:46:15','Company 938.1819170488332','NAKSJHDAUIWHD992.1381550521353','Asset 411.0180972471962',NULL,5123.884370082722,'1387.5656477431716995530.7113531542768','Asset 143.3363294196639',2,0),(37,'2018-03-15 10:46:15','Company 912.721056768274','NAKSJHDAUIWHD765.1066014236815','Asset 208.72968953423853',NULL,5814.677583825165,'138145.29435234020295757.116689066599','Asset 162.01398105695242',2,0),(38,'2018-03-15 10:46:15','Company 424.86265084889','NAKSJHDAUIWHD382.9000527015075','Asset 498.8332363965089',NULL,3516.35765802075,'138355.83365218617826901.9059263927539','Asset 497.55122880478365',2,0),(39,'2018-03-15 10:46:15','Company 126.79007150305466','NAKSJHDAUIWHD846.1697992276146','Asset 509.12170497157206',NULL,3151.06793327516,'138806.9644897592373885.2864052780278','Asset 699.453244330861',2,0),(40,'2018-03-15 10:46:15','Company 574.5722704698582','NAKSJHDAUIWHD609.4810297240768','Asset 324.431459221463',NULL,3374.2337781891342,'138535.1047481491189122.93317321535213','Asset 93.73778238125008',2,0),(41,'2018-03-15 10:46:15','Company 440.9008388096001','NAKSJHDAUIWHD203.3220843714173','Asset 50.41017720150742',NULL,682.1824015261757,'138285.54199754492287.7983159820107','Asset 387.8087264664587',2,0),(42,'2018-03-15 10:46:47','Company 327.31484179279227','NAKSJHDAUIWHD507.69021258147296','Asset 388.76945832763363',NULL,7518.137688080451,'138577.858049263391319.42625509218647','Asset 493.27959063446656',3,0),(43,'2018-03-15 10:46:47','Company 651.6699832787439','NAKSJHDAUIWHD811.1232720566203','Asset 917.668217644135',NULL,4904.828799079823,'138176.94139597653283.225150030809587','Asset 667.5114273163841',3,0),(44,'2018-03-15 10:46:47','Company 779.0138299395471','NAKSJHDAUIWHD601.6049633071642','Asset 86.73737549206805',NULL,3726.4476132512623,'138904.3995701743213622.4651401559563','Asset 581.425012709712',3,0),(45,'2018-03-15 10:46:47','Company 686.7520643411274','NAKSJHDAUIWHD581.7954236767685','Asset 180.56620809545697',NULL,3864.6739575628208,'138226.71565321930777686.5109156983068','Asset 664.657955004698',3,0),(46,'2018-03-15 10:46:47','Company 569.8247884552079','NAKSJHDAUIWHD852.2170082882128','Asset 904.9736579961057',NULL,1184.7991534841806,'13877.69065139873754630.034983828351','Asset 261.18124461513804',3,0),(47,'2018-03-15 10:46:47','Company 233.86494175632023','NAKSJHDAUIWHD478.7260834652216','Asset 848.8288776019796',NULL,4874.289357744328,'138370.18073784997983842.3259924503972','Asset 274.15870440208766',3,0),(48,'2018-03-15 10:46:47','Company 533.3751753012428','NAKSJHDAUIWHD740.8485440073553','Asset 32.62612992634539',NULL,5963.184532170181,'138205.01224146289664252.79921840071273','Asset 388.8996845505386',3,0),(49,'2018-03-15 10:46:47','Company 190.43956588402867','NAKSJHDAUIWHD614.0530967716684','Asset 470.0472036568677',NULL,3825.713982100846,'138508.4221741721047627.5532892801584','Asset 742.3619686827853',3,0),(50,'2018-03-15 10:46:47','Company 561.8399563070777','NAKSJHDAUIWHD125.22830740611835','Asset 937.4246886203074',NULL,2501.96083609589,'13824.07362689785064331.67283727603416','Asset 907.1178586677515',3,0),(51,'2018-03-15 10:46:47','Company 796.4087325575125','NAKSJHDAUIWHD654.2086585234068','Asset 367.2220715913458',NULL,882.5504728632804,'138908.4110466153068315.24772915685173','Asset 978.9918940451777',3,0),(52,'2018-03-15 10:46:47','Company 445.14375200442834','NAKSJHDAUIWHD51.20068383560861','Asset 248.043121769859',NULL,4982.838826626169,'138800.817860723977791.3334730587113','Asset 513.2058949920458',3,0),(53,'2018-03-15 10:46:47','Company 9.544469733632543','NAKSJHDAUIWHD10.716663686471396','Asset 283.4851671937836',NULL,2936.2809591500395,'13872.84467695824081968.7689602585576','Asset 795.1065853090852',3,0),(54,'2018-03-15 10:46:47','Company 457.4733898480344','NAKSJHDAUIWHD227.0925165778086','Asset 73.26914860265799',NULL,9319.115736715929,'138277.7564442378331672.7919179739905','Asset 964.4925172402361',3,0),(55,'2018-03-15 10:46:47','Company 896.3378384491843','NAKSJHDAUIWHD252.30161804956708','Asset 998.188749616412',NULL,5233.487320040171,'138749.3996723225073118.91706849929385','Asset 842.5581628670537',3,0),(56,'2018-03-15 10:46:48','Company 234.0471846533354','NAKSJHDAUIWHD328.37325581053966','Asset 154.18868997953263',NULL,9671.50453579886,'138125.46112404117737798.3684582942178','Asset 147.03636678821707',3,0),(57,'2018-03-15 10:46:48','Company 372.46171941332517','NAKSJHDAUIWHD856.5687644220428','Asset 226.39042755034723',NULL,2661.1627775902234,'138797.0725230516024547.8676456928059','Asset 504.03991939344695',3,0),(58,'2018-03-15 10:46:48','Company 486.0505303411884','NAKSJHDAUIWHD960.8162633242079','Asset 9.038341857431798',NULL,9253.34245230256,'138576.0254280417357605.0332188756211','Asset 571.3291181180618',3,0),(59,'2018-03-15 10:46:48','Company 600.5391064094202','NAKSJHDAUIWHD986.5520488116247','Asset 455.7878431589317',NULL,6265.376529538789,'138490.88814908422165792.3588471716051','Asset 407.32430882977985',3,0),(60,'2018-03-15 10:46:48','Company 683.9417454082277','NAKSJHDAUIWHD604.6200780658739','Asset 177.60288190717444',NULL,8699.58762745207,'138732.0557054916379982.4414591172393','Asset 108.29179273537947',3,0),(61,'2018-03-15 10:46:48','Company 916.1610885657245','NAKSJHDAUIWHD292.6905258999548','Asset 967.859898940255',NULL,6059.089971129714,'138830.16247567878787.51874239969604','Asset 416.880204657091',3,0),(62,'2018-03-15 10:49:17','Company 219.97666714301977','NAKSJHDAUIWHD51.74291014334331','Asset 148.69142299305327',NULL,6090.602973387203,'13863.03551207230639693.26341674549509','Asset 587.8446804510181',4,0),(63,'2018-03-15 10:49:17','Company 988.2758663585901','NAKSJHDAUIWHD874.450911714722','Asset 594.2162572017351',NULL,6281.417762028014,'138378.69957671561605976.9823857363134','Asset 127.84495868208113',4,0),(64,'2018-03-15 10:49:17','Company 786.2361248968219','NAKSJHDAUIWHD677.1672104983386','Asset 690.9789538505761',NULL,7111.563367883273,'138124.9579374619042504.2693496330668','Asset 636.1211273114474',4,0),(65,'2018-03-15 10:49:17','Company 70.16813228613972','NAKSJHDAUIWHD112.87614864458051','Asset 453.93557319223453',NULL,7454.387409022876,'138896.9341786579772748.1824548293345','Asset 390.52750433829317',4,0),(66,'2018-03-15 10:49:17','Company 237.26539167635906','NAKSJHDAUIWHD527.2597727666804','Asset 690.9600789695002',NULL,6327.173231857461,'138567.4710621025637296.5207587950528','Asset 85.32907827492508',4,0),(67,'2018-03-15 10:49:17','Company 932.0391685413695','NAKSJHDAUIWHD927.4147875008667','Asset 339.18334275730376',NULL,4956.801155692368,'13897.40079272080715203.79195399551807','Asset 39.23634008089394',4,0),(68,'2018-03-15 10:49:17','Company 652.2533226708628','NAKSJHDAUIWHD393.94400768963555','Asset 864.6939594329497',NULL,6830.246779616057,'138100.32048361295986126.60690494079307','Asset 322.55204715474105',4,0),(69,'2018-03-15 10:49:17','Company 595.6959036413143','NAKSJHDAUIWHD843.824746480826','Asset 157.05455097698695',NULL,1818.091352079929,'138172.700000622601721.2242811043450263','Asset 365.92593546061045',4,0),(70,'2018-03-15 10:49:17','Company 511.8394228652402','NAKSJHDAUIWHD794.8030045507984','Asset 87.8653295413826',NULL,688.9767737480968,'138878.5786453137713728.8725460516577','Asset 843.849529825257',4,0),(71,'2018-03-15 10:49:17','Company 254.92538412645527','NAKSJHDAUIWHD735.2964675160381','Asset 842.6627716250138',NULL,9759.16517302901,'138941.520689811979676.2624070173208','Asset 239.37980501433708',4,0),(72,'2018-03-15 10:49:17','Company 322.67288879467736','NAKSJHDAUIWHD652.5480127921965','Asset 624.439710170844',NULL,676.4909907993944,'138165.50668653722556795.5532126896074','Asset 708.5488212458133',4,0),(73,'2018-03-15 10:49:17','Company 249.47681858931114','NAKSJHDAUIWHD911.2000079100832','Asset 183.50524053024142',NULL,181.30686009626862,'138833.2479237429957460.73621340737515','Asset 398.38083900052743',4,0),(74,'2018-03-15 10:49:17','Company 763.7189197439424','NAKSJHDAUIWHD988.180231899611','Asset 360.9047623884769',NULL,4305.958728071978,'138295.5777462951288381.36433793310755','Asset 794.4417491325765',4,0),(75,'2018-03-15 10:49:17','Company 682.3266401097309','NAKSJHDAUIWHD522.8286235498556','Asset 566.7965592836827',NULL,8206.859518303676,'138315.26315055785847719.2330154087875','Asset 331.40288530893804',4,0),(76,'2018-03-15 10:49:17','Company 252.33761626004258','NAKSJHDAUIWHD472.04011291330426','Asset 482.8230149073276',NULL,3902.563757621883,'138675.0179911921388386.1446370714773','Asset 192.32435713829875',4,0),(77,'2018-03-15 10:49:17','Company 665.1600388313614','NAKSJHDAUIWHD900.8808594506949','Asset 615.8790617896399',NULL,1552.1198093701205,'138111.02004355220896146.7229327830333','Asset 20.296975325752364',4,0),(78,'2018-03-15 10:49:17','Company 848.5196139318371','NAKSJHDAUIWHD385.98755663089844','Asset 883.2390004021765',NULL,4030.9947712640624,'138814.0607308470112147.0931147261656','Asset 527.4175281799417',4,0),(79,'2018-03-15 10:49:17','Company 965.2754741666243','NAKSJHDAUIWHD210.57572700626892','Asset 812.8033848622056',NULL,6770.054794241974,'138304.1450593273500565.51767967947264','Asset 441.6292264759729',4,0),(80,'2018-03-15 10:49:17','Company 104.90634580669112','NAKSJHDAUIWHD951.8158301596962','Asset 130.78680829014522',NULL,3382.038947136723,'138218.54856854386273286.73697849134925','Asset 116.60985162850868',4,0),(81,'2018-03-15 10:49:17','Company 618.748503881522','NAKSJHDAUIWHD932.9493182752578','Asset 253.55354770217374',NULL,1410.9267061353669,'138117.205113439354854.211600445608354','Asset 674.3188682341508',4,0),(82,'2018-03-15 10:49:18','Company 274.63880879467774','NAKSJHDAUIWHD951.6475321117122','Asset 854.7981649810081',NULL,3151.7281800508135,'138738.907354255398850.93621034092799','Asset 743.2700802924862',5,0),(83,'2018-03-15 10:49:18','Company 526.9043849350293','NAKSJHDAUIWHD554.4511132540978','Asset 291.77026547269355',NULL,594.3231157885165,'138302.1960861215385656.0276994554744','Asset 233.5591336049896',5,0),(84,'2018-03-15 10:49:18','Company 139.33368670677348','NAKSJHDAUIWHD590.8454568328804','Asset 465.3521615937178',NULL,62.231074677951966,'138901.58307258265094.261301421433106','Asset 894.0638879240955',5,0),(85,'2018-03-15 10:49:18','Company 932.5472890509251','NAKSJHDAUIWHD105.2317233192961','Asset 997.1785909838276',NULL,6391.829073666965,'138676.3973337831217831.5371946682391','Asset 300.5999120547527',5,0),(86,'2018-03-15 10:49:18','Company 280.61523065318863','NAKSJHDAUIWHD977.6199621342996','Asset 742.4543107257712',NULL,5110.138925701228,'138160.87823612623743183.63448513977','Asset 602.6280954821308',5,0),(87,'2018-03-15 10:49:18','Company 104.95430483955892','NAKSJHDAUIWHD947.6571415055','Asset 696.6049596823152',NULL,4154.783435917194,'138109.5498133560410832.638269041768254','Asset 542.1133279411881',5,0),(88,'2018-03-15 10:49:18','Company 540.053163741934','NAKSJHDAUIWHD870.1291147136067','Asset 759.1689954763477',NULL,613.4174185674191,'138596.2251959071624435.2445940115074','Asset 490.3332025943925',5,0),(89,'2018-03-15 10:49:18','Company 283.7147946858822','NAKSJHDAUIWHD333.1345866027612','Asset 848.1995534536516',NULL,9699.128204282595,'138928.262025876172531.9476968973398','Asset 392.21958130087785',5,0),(90,'2018-03-15 10:49:18','Company 577.8569772325685','NAKSJHDAUIWHD284.92679617314155','Asset 91.72339322803036',NULL,8485.394730556029,'138639.1418996057447448.841857753205','Asset 201.30232949783633',5,0),(91,'2018-03-15 10:49:18','Company 535.8093583305446','NAKSJHDAUIWHD554.2074307178335','Asset 702.3643338614116',NULL,8135.920631198943,'138197.41715451128428804.7255762073038','Asset 919.8572217937666',5,0),(92,'2018-03-15 10:49:18','Company 218.4215073666681','NAKSJHDAUIWHD592.9653784057573','Asset 292.88959079404464',NULL,3308.7221228545927,'138102.65679292514152966.3829921905188','Asset 573.3285012998325',5,0),(93,'2018-03-15 10:49:18','Company 371.9763908563035','NAKSJHDAUIWHD91.35979552152496','Asset 564.4024447623575',NULL,9512.036330634544,'13896.812621136942948.84948995998084','Asset 623.4547544546944',5,0),(94,'2018-03-15 10:49:18','Company 763.3457598262369','NAKSJHDAUIWHD133.233901240675','Asset 125.24947547633936',NULL,9724.059704548683,'138370.46656204454007271.7923454699505','Asset 553.6950458283995',5,0),(95,'2018-03-15 10:49:18','Company 810.8865165461548','NAKSJHDAUIWHD545.7292096976962','Asset 541.9013213683357',NULL,8545.070460549909,'138799.3469024493758171.27709578733052','Asset 817.5875355491869',5,0),(96,'2018-03-15 10:49:18','Company 746.770390951387','NAKSJHDAUIWHD541.1081797143702','Asset 264.5435218264349',NULL,5990.800425824999,'138709.4776239339917592.869589413233','Asset 903.8799155082307',5,0),(97,'2018-03-15 10:49:18','Company 745.7862806283026','NAKSJHDAUIWHD649.997854664998','Asset 841.5678932257499',NULL,8187.3534551460725,'13824.191726891412358955.365944685787','Asset 320.64997993328626',5,0),(98,'2018-03-15 10:49:18','Company 25.08948774100761','NAKSJHDAUIWHD669.5844232163498','Asset 770.8631093138931',NULL,4017.7406560640893,'138533.0345292981407677.0246719258618','Asset 93.81896488560348',5,0),(99,'2018-03-15 10:49:18','Company 490.31095516171877','NAKSJHDAUIWHD534.532681225843','Asset 492.24880341894993',NULL,6967.958815049929,'138168.3428991588407450.2052186571951','Asset 271.0766034346489',5,0),(100,'2018-03-15 10:49:18','Company 438.9510698141867','NAKSJHDAUIWHD537.1138911198768','Asset 2.0064990742876265',NULL,1491.2314494875545,'138157.7786145070089985.8428487232263','Asset 778.2885850159125',5,0),(101,'2018-03-15 10:49:18','Company 899.6999473252349','NAKSJHDAUIWHD203.16199745118547','Asset 689.172096606441',NULL,2814.0075113138687,'138480.8893105172435547.9832736479154','Asset 429.220475440386',5,0),(102,'2018-03-15 10:49:18','Company 100.0097564581004','NAKSJHDAUIWHD385.47951285978223','Asset 208.29422249728614',NULL,8331.775257109859,'138368.81331005665197620.1438993637706','Asset 797.8991580081532',6,0),(103,'2018-03-15 10:49:19','Company 481.65887509604767','NAKSJHDAUIWHD835.9737702808909','Asset 264.38570737189093',NULL,5962.5714642432695,'138738.82038334910954.970059244630787','Asset 833.9344943681988',6,0),(104,'2018-03-15 10:49:19','Company 162.54662954571464','NAKSJHDAUIWHD4.15605956957299','Asset 435.3196406272988',NULL,8065.788312917343,'138499.1520202373776902.235440728223','Asset 537.3922012064644',6,0),(105,'2018-03-15 10:49:19','Company 37.94637836620729','NAKSJHDAUIWHD812.7403086407196','Asset 434.67442956915534',NULL,7604.990903666511,'138898.1189675408108941.9092740919024','Asset 232.86114917549682',6,0),(106,'2018-03-15 10:49:19','Company 499.61420134680736','NAKSJHDAUIWHD662.3543953907118','Asset 688.660081437716',NULL,3879.5777508927285,'138913.144666658782154.88820879844155','Asset 596.0080044283151',6,0),(107,'2018-03-15 10:49:19','Company 83.1511482477666','NAKSJHDAUIWHD951.9252599056136','Asset 415.0074076269344',NULL,863.0209507815966,'13850.549347471397276865.8443894664733','Asset 83.46238383035698',6,0),(108,'2018-03-15 10:49:19','Company 257.9652949591356','NAKSJHDAUIWHD584.3129970316389','Asset 435.03004098655686',NULL,9293.526296872284,'138791.9443285168857510.96784348534317','Asset 329.61425628521215',6,0),(109,'2018-03-15 10:49:19','Company 150.16553550990196','NAKSJHDAUIWHD333.00649512003963','Asset 526.2833442003554',NULL,5731.369497052041,'13820.61297868904454682.37253666431465','Asset 902.3233683289499',6,0),(110,'2018-03-15 10:49:19','Company 793.2184402979871','NAKSJHDAUIWHD64.59845511952244','Asset 264.6366335142514',NULL,8315.775744973691,'13893.68871331053785931.8081963000111','Asset 772.4095493056375',6,0),(111,'2018-03-15 10:49:19','Company 51.03337273305719','NAKSJHDAUIWHD644.7104858389988','Asset 493.6485303366096',NULL,8727.971284712761,'138128.6457361419785719.1298441208023','Asset 332.0350897034574',6,0),(112,'2018-03-15 10:49:19','Company 948.4176183452698','NAKSJHDAUIWHD314.8091145180593','Asset 990.8870863737717',NULL,9459.886566429363,'1382.908480766357524108.84461904451203','Asset 457.0675005898488',6,0),(113,'2018-03-15 10:49:19','Company 765.0031030894105','NAKSJHDAUIWHD443.7445464807299','Asset 8.193185019265803',NULL,2509.677687604104,'13849.38564430685244521.4406317637387','Asset 991.1608568151744',6,0),(114,'2018-03-15 10:49:19','Company 231.64600751241395','NAKSJHDAUIWHD587.1204812988968','Asset 171.76152930525035',NULL,587.2830202211443,'138203.0873052875516658.6553557647671','Asset 555.2662842275872',6,0),(115,'2018-03-15 10:49:19','Company 279.9784843121108','NAKSJHDAUIWHD167.14334352083648','Asset 701.9832342053453',NULL,6818.564932089919,'138569.3361414071613782.3606204760637','Asset 200.9648095305987',6,0),(116,'2018-03-15 10:49:19','Company 852.3191942909417','NAKSJHDAUIWHD268.91801335344957','Asset 292.14351940477144',NULL,6703.787931099991,'138873.0142492385318317.6757891432285','Asset 744.1348427407912',6,0),(117,'2018-03-15 10:49:19','Company 935.7315709146039','NAKSJHDAUIWHD600.2063315184289','Asset 215.13657687257003',NULL,3348.159592320266,'138134.053582863901764.0378916853597','Asset 254.6347451129207',6,0),(118,'2018-03-15 10:49:19','Company 206.24866269236986','NAKSJHDAUIWHD581.0613339947154','Asset 922.6058973169665',NULL,3734.975788162015,'138500.6872175870469505.1149137066071','Asset 66.08824998445716',6,0),(119,'2018-03-15 10:49:19','Company 483.20060870833214','NAKSJHDAUIWHD629.3562573996643','Asset 374.354505482049',NULL,6828.696654929092,'138855.6350781656955397.0066924064124','Asset 456.9620027566772',6,0),(120,'2018-03-15 10:49:19','Company 655.9497918007422','NAKSJHDAUIWHD444.2111944345718','Asset 576.3738761993061',NULL,7155.939505429589,'138866.5268189841187191.0595152562171','Asset 447.0514337313923',6,0),(121,'2018-03-15 10:49:19','Company 669.292393901879','NAKSJHDAUIWHD107.63522491198685','Asset 874.6984491678843',NULL,8538.95167412216,'138583.0905782360322909.694806670944','Asset 645.507148925072',6,0),(122,'2018-03-15 10:49:19','Company 968.7537450437194','NAKSJHDAUIWHD566.607618865669','Asset 715.5908478034668',NULL,2979.6485621071856,'138918.39021050621575.807926136226715','Asset 237.78043656771075',7,0),(123,'2018-03-15 10:49:20','Company 25.56961315045758','NAKSJHDAUIWHD116.88829397619304','Asset 589.5605022829606',NULL,7115.858980069432,'138420.23866736522587952.4159677525827','Asset 973.2231535375201',7,0),(124,'2018-03-15 10:49:20','Company 669.2388120988592','NAKSJHDAUIWHD25.56386782826392','Asset 138.13751289148567',NULL,8930.372149962062,'138651.565104209083714.926359158153','Asset 270.8638154688127',7,0),(125,'2018-03-15 10:49:20','Company 136.13165402701188','NAKSJHDAUIWHD646.253105318174','Asset 416.1891142068587',NULL,2852.443261878713,'138887.9337988064889208.1625064676391','Asset 36.74152804911135',7,0),(126,'2018-03-15 10:49:20','Company 686.8594423698702','NAKSJHDAUIWHD595.9619096275943','Asset 519.0140309936107',NULL,8154.446251585357,'138534.1737694384756805.5258145855449','Asset 217.3712769377798',7,0),(127,'2018-03-15 10:49:20','Company 798.3678794413028','NAKSJHDAUIWHD27.043372472493886','Asset 693.652556315339',NULL,3393.6840902778677,'138684.85194800695.710558384600328','Asset 857.8400197325722',7,0),(128,'2018-03-15 10:49:20','Company 871.3357722783467','NAKSJHDAUIWHD963.8049712998333','Asset 131.9766964152357',NULL,5153.455477596952,'138858.2031733639468960.3595209380655','Asset 76.7434323777011',7,0),(129,'2018-03-15 10:49:20','Company 592.9269658450959','NAKSJHDAUIWHD409.52179667350805','Asset 863.9757914796811',NULL,946.6966420215861,'138603.14725374861437.3772911404950126','Asset 136.1670982110448',7,0),(130,'2018-03-15 10:49:20','Company 278.6622170704338','NAKSJHDAUIWHD252.3767921952199','Asset 168.3905042016366',NULL,961.9820226606602,'138634.0527142687121599.4506456421593','Asset 145.48167528723033',7,0),(131,'2018-03-15 10:49:20','Company 728.4322529280385','NAKSJHDAUIWHD161.81847271662141','Asset 451.9761336125423',NULL,8747.690830190128,'138735.8315849214072182.07972866552745','Asset 691.6380607089516',7,0),(132,'2018-03-15 10:49:20','Company 155.16409418916334','NAKSJHDAUIWHD93.12526649352759','Asset 766.1554942270828',NULL,224.431808147445,'138126.77960893485951640.3698157253054','Asset 847.9833657381954',7,0),(133,'2018-03-15 10:49:20','Company 13.781261767662368','NAKSJHDAUIWHD574.1546393418103','Asset 241.02317787086335',NULL,9848.942490881744,'138289.887213025945401.36218251214603','Asset 191.95393037571895',7,0),(134,'2018-03-15 10:49:20','Company 555.9156466388099','NAKSJHDAUIWHD762.7608395874244','Asset 11.500910316463052',NULL,8637.86736252807,'138809.2286110607619848.6521842506637','Asset 49.32023886958425',7,0),(135,'2018-03-15 10:49:20','Company 187.27544345835202','NAKSJHDAUIWHD405.7401185815068','Asset 955.9123932001703',NULL,6423.63982646023,'138445.4395452731236628.3878018040797','Asset 435.71643804473194',7,0),(136,'2018-03-15 10:49:20','Company 801.4452352880969','NAKSJHDAUIWHD761.3345602457514','Asset 164.2077207251259',NULL,3198.7602344368493,'138694.430924469937634.21740224341241','Asset 437.1086309297092',7,0),(137,'2018-03-15 10:49:20','Company 957.6842627176843','NAKSJHDAUIWHD94.76714170975653','Asset 924.9954320048208',NULL,7197.812928562286,'138113.70356392175263683.5036198118426','Asset 440.28410562953115',7,0),(138,'2018-03-15 10:49:20','Company 11.783288226559275','NAKSJHDAUIWHD61.71679682643438','Asset 50.579937750287016',NULL,6393.395833924159,'138629.9001060965743297.4432164150461','Asset 899.4675360774311',7,0),(139,'2018-03-15 10:49:20','Company 207.38324492309403','NAKSJHDAUIWHD325.7374010632158','Asset 285.75479815619343',NULL,3613.2893856275127,'138716.1675748995306450.24268769964146','Asset 905.8760341505425',7,0),(140,'2018-03-15 10:49:20','Company 752.7189680783301','NAKSJHDAUIWHD166.7847736504593','Asset 570.7779151903618',NULL,6570.337380676302,'138971.967331053035173.5373363274627','Asset 539.3821502215601',7,0),(141,'2018-03-15 10:49:20','Company 201.0204120290524','NAKSJHDAUIWHD809.2205710463452','Asset 884.6233753592472',NULL,8554.110011212419,'138290.25033575908344477.24279278859404','Asset 817.8934571199593',7,0),(142,'2018-03-15 10:49:20','Company 113.1624429091691','NAKSJHDAUIWHD973.9738082045066','Asset 164.8658961204905',NULL,1488.6383326026819,'1380.6845341709327268984.2124177764516','Asset 662.9379279523229',8,0),(143,'2018-03-15 10:49:21','Company 23.23475784996043','NAKSJHDAUIWHD757.7174490193129','Asset 275.8815140264267',NULL,1425.2328349365905,'138112.50606222637616688.646516773949','Asset 766.7854683414314',8,0),(144,'2018-03-15 10:49:21','Company 16.675380720540534','NAKSJHDAUIWHD284.25265874105474','Asset 696.4018594176275',NULL,7800.91787791759,'138736.0599530565049833.9393293449643','Asset 229.58984803380255',8,0),(145,'2018-03-15 10:49:21','Company 133.62728228633347','NAKSJHDAUIWHD552.6258550689801','Asset 178.14229013179585',NULL,8894.55334764113,'138393.7669422198743151.5734973422792','Asset 252.19768100342677',8,0),(146,'2018-03-15 10:49:21','Company 200.8198323663779','NAKSJHDAUIWHD980.0266193463239','Asset 849.2721899665735',NULL,1953.2219911495617,'138334.8269706767287321.1441774358228','Asset 435.98493003600083',8,0),(147,'2018-03-15 10:49:21','Company 33.695354758963234','NAKSJHDAUIWHD390.80008604391446','Asset 541.8612820043801',NULL,5378.895635543504,'138450.19530980686284987.0769531701399','Asset 773.1498216189691',8,0),(148,'2018-03-15 10:49:21','Company 505.652683325709','NAKSJHDAUIWHD419.3026687659743','Asset 832.7884383816073',NULL,4704.832069801038,'138703.3107654771428243.91650607305738','Asset 259.33997164589704',8,0),(149,'2018-03-15 10:49:21','Company 855.3861865207356','NAKSJHDAUIWHD408.63927945437393','Asset 518.4574588645743',NULL,2397.0863137159727,'138583.2319581430642832.8390857397068','Asset 850.5052951488351',8,0),(150,'2018-03-15 10:49:21','Company 62.49438759455717','NAKSJHDAUIWHD296.3968831823566','Asset 976.230286014963',NULL,2825.582122133181,'138185.34995284026812920.7730841150268','Asset 459.84201228274736',8,0),(151,'2018-03-15 10:49:21','Company 830.282412206558','NAKSJHDAUIWHD525.2057234094952','Asset 211.3564395536952',NULL,2097.6522942137944,'138937.4109408063467163.32418043102902','Asset 478.31047519259164',8,0),(152,'2018-03-15 10:49:21','Company 815.4441143943756','NAKSJHDAUIWHD56.62636107994412','Asset 925.8278912235689',NULL,4244.3558278789205,'138363.12787201467023509.81192928491527','Asset 141.21343503499295',8,0),(153,'2018-03-15 10:49:21','Company 317.552228022292','NAKSJHDAUIWHD376.09588347347034','Asset 101.29587295921938',NULL,807.9627332328221,'13859.87890512144589997.1729118315465','Asset 537.3594383754781',8,0),(154,'2018-03-15 10:49:21','Company 924.7859005453057','NAKSJHDAUIWHD237.28248887270155','Asset 377.79274430016096',NULL,2322.490653527406,'138941.0235566410918168.61026923876','Asset 11.067769843489561',8,0),(155,'2018-03-15 10:49:21','Company 452.4068385203057','NAKSJHDAUIWHD563.5810667815197','Asset 551.6639697127572',NULL,1402.420121203598,'138205.4997891203385432.6348099838397','Asset 842.6184050790501',8,0),(156,'2018-03-15 10:49:21','Company 861.5962706793908','NAKSJHDAUIWHD762.5821656377772','Asset 67.96595590104215',NULL,7425.860382044456,'13825.43006895252864561.2558000334122','Asset 843.9532400424828',8,0),(157,'2018-03-15 10:49:21','Company 729.0087326412013','NAKSJHDAUIWHD597.1900733301567','Asset 252.9540219062184',NULL,4049.9798305218183,'138547.303797932892269.52874730113473','Asset 135.33892692235216',8,0),(158,'2018-03-15 10:49:21','Company 9.062993372769057','NAKSJHDAUIWHD28.463404730936446','Asset 553.8738261156697',NULL,9579.181936017363,'138633.511844412351781.11761612764879','Asset 815.3903064330051',8,0),(159,'2018-03-15 10:49:21','Company 516.0435642244166','NAKSJHDAUIWHD398.0851619587723','Asset 906.4616570004764',NULL,8719.975237643646,'13828.7956389767618529.691204847611562','Asset 104.58773909162966',8,0),(160,'2018-03-15 10:49:21','Company 925.1704188494824','NAKSJHDAUIWHD465.6351832128699','Asset 864.7474100854754',NULL,809.1307438520989,'13887.05686871839791945.9001510590042','Asset 689.4828308737319',8,0),(161,'2018-03-15 10:49:21','Company 792.3562895718941','NAKSJHDAUIWHD880.3273105621179','Asset 783.3540924626191',NULL,7287.856370009166,'138281.68263148518116665.5983138284932','Asset 549.6890157612831',8,0),(162,'2018-03-15 10:49:21','Company 809.278758133205','NAKSJHDAUIWHD927.2502704805717','Asset 540.0448622617014','4.516409548574736E7',9147.87481098055,'138747.0952528192261417.18293148556205','Asset 759.923266120514',9,0),(163,'2018-03-15 10:49:22','Company 446.680479250528','NAKSJHDAUIWHD842.2463662463953','Asset 62.06262072195945','3.163871253220145E7',7137.096012458242,'138676.8480978547515777.8948697757636','Asset 42.80290904068151',9,0),(164,'2018-03-15 10:49:22','Company 470.6237020877294','NAKSJHDAUIWHD641.0904450408881','Asset 512.4773267831731','5.373606065277241E7',454.4197292616714,'138600.9402547908282227.970829875215','Asset 765.200705313515',9,0),(165,'2018-03-15 10:49:22','Company 273.351369340308','NAKSJHDAUIWHD930.5663810902125','Asset 914.6559646119055','9201524.386891425',5564.345840247157,'138914.58953448957899.4287865510591','Asset 148.22451783422653',9,0),(166,'2018-03-15 10:49:22','Company 166.63052403658074','NAKSJHDAUIWHD36.702881483928195','Asset 628.0861387524654','5.6332588172407925E7',2002.9530694193209,'138638.7773744376343427.89858059007815','Asset 795.8123282384043',9,0),(167,'2018-03-15 10:49:22','Company 890.977430933483','NAKSJHDAUIWHD246.83994410055143','Asset 973.4535367965168','9.706532196984091E7',4927.652247897666,'138504.5849506325675708.8102152820508','Asset 443.1844860122695',9,0),(168,'2018-03-15 10:49:22','Company 688.4198860749966','NAKSJHDAUIWHD731.9319604204882','Asset 152.21369229392633','4.287947914331786E7',8824.776335595297,'138865.2273870379765468.0964974730556','Asset 63.75529861983087',9,0),(169,'2018-03-15 10:49:22','Company 536.4536074168194','NAKSJHDAUIWHD965.4940408772627','Asset 89.5647084434853','6.703782091709562E7',9289.07035278938,'138189.6916893781022807.5659670746261','Asset 807.1605184117792',9,0),(170,'2018-03-15 10:49:22','Company 390.8486941753487','NAKSJHDAUIWHD705.5975778791308','Asset 79.72723429839567','7.167529103978297E7',2289.141577795162,'138141.88501724429946135.10246497131607','Asset 491.05658545167586',9,0),(171,'2018-03-15 10:49:22','Company 534.9623698017596','NAKSJHDAUIWHD856.3213782828394','Asset 362.4377058246433','2.3253660190565817E7',2832.937407754087,'138499.1995694845083139.8477376979993','Asset 619.3482937829915',9,0),(172,'2018-03-15 10:49:22','Company 383.2143762188599','NAKSJHDAUIWHD775.0646561231061','Asset 9.561165898890334','3.489730622786402E7',7447.306246858859,'138414.4000933511941722.5231382568171','Asset 149.50077752545033',9,0),(173,'2018-03-15 10:49:22','Company 336.3812565732456','NAKSJHDAUIWHD842.1280907197093','Asset 750.7301151682649','9.91256775440891E7',7385.7103836478545,'138774.740389236389141.04666498290654','Asset 481.59234276320416',9,0),(174,'2018-03-15 10:49:22','Company 536.3655439631489','NAKSJHDAUIWHD358.9690994047283','Asset 616.915387483716','9.949815107547347E7',1978.1504685227203,'138662.215216350082581.60177780843114','Asset 391.7641682731643',9,0),(175,'2018-03-15 10:49:22','Company 618.0965925834042','NAKSJHDAUIWHD91.53780566330994','Asset 530.8354049717607','5.468683744604676E7',4037.363475069994,'138168.8535166851781415.3140475695346','Asset 882.7232445938189',9,0),(176,'2018-03-15 10:49:22','Company 806.2187334717976','NAKSJHDAUIWHD25.099769974113894','Asset 223.1101119300999','7.349301573746571E7',1735.358152183104,'13870.9595339886187650.691965947029736','Asset 173.95492466015583',9,0),(177,'2018-03-15 10:49:22','Company 954.2234689464806','NAKSJHDAUIWHD146.9517629771352','Asset 103.06581595205621','2.432277495068895E7',3864.350223094647,'138116.20784193944489541.9882771592453','Asset 304.3009712172777',9,0),(178,'2018-03-15 10:49:22','Company 373.68163378787654','NAKSJHDAUIWHD323.43687922305554','Asset 963.0969299915074','4.763752155440351E7',7896.1587306120655,'138927.4987315935156763.637808820558','Asset 69.55974990981129',9,0),(179,'2018-03-15 10:49:22','Company 551.2319615832773','NAKSJHDAUIWHD587.665248780081','Asset 645.4914770726209','6.489496371380704E7',2754.1276473117928,'138777.479979746240810.92823013925659','Asset 267.76456501840806',9,0),(180,'2018-03-15 10:49:22','Company 100.98230466252411','NAKSJHDAUIWHD404.34650339138534','Asset 50.62585216715909','6.249619508680744E7',711.6330323978948,'138737.6414408224729337.0602289583249','Asset 474.796540871277',9,0),(181,'2018-03-15 10:49:22','Company 549.9795660633584','NAKSJHDAUIWHD728.1403662178265','Asset 115.43575509772974','5.42545103879278E7',5331.242014648638,'138955.8886553082575286.7526789960249','Asset 822.9880831549507',9,0);

/*Data for the table `ch_assettype` */

insert  into `ch_assettype`(`id`,`name`,`titleName`,`updateTime`) values (1,'Server','服务器','2018-03-14 15:05:07'),(2,'Desktop','台式机','2018-03-14 15:05:19'),(3,'Monitor','显示器','2018-03-14 15:06:16'),(4,'Notebook','笔记本','2018-03-14 15:06:52'),(5,'Storage','移动存储','2018-03-14 15:07:13'),(6,'Peripherals','电脑外设','2018-03-14 15:07:49'),(7,'Integrated Equipment','综合设备','2018-03-14 15:09:15'),(8,'The Test Mobile Phone','测试手机','2018-03-14 15:10:21'),(9,'Test Card','测试卡','2018-03-14 15:10:44');

/*Data for the table `ch_daily` */

insert  into `ch_daily`(`id`,`content`,`hasSee`,`title`,`updateTime`,`user_id`,`parent_id`,`summary`) values (1,'语文科高考早已经结束，许多浙江考生表示，今年阅读题《一种美味》太难。而该文作者巩高峰发微博表示，自己对于自己的文章也只能“阅读”无法“理解”，并称：“标准答案没出来，我怎么知道我想表达什么，我怎么知道结尾有什么意义”。\r\n原来，今年浙江省的高考语文阅读题使用了巩高峰的一篇文章《一种美味》。全文描述了贫寒的一家五口拿着六岁的小儿子从水沟里捉到的草鱼烧鱼汤的情景。文章结尾有这么一句话：“现在，它早已死了，只是眼里还闪着一丝诡异的光”。而最后一题问的也是“诡异的光指的是什么？”\r\n网友也纷纷调侃：“错过了早高峰，躲过了晚高峰，却碰上了巩高峰”；“转千万条锦鲤抵不过一条草鱼”；“出题老师出题的时候，眼里怕是闪着诡异的光”。还有网友总结道：“原作被挖出来后，才知道结尾有多么的没有意义。所以阅读理解就是一群人在YY，原作者可能就是随意一写，可怜鲁迅这么多年啊！”\r\n6月7日晚，巩高峰在微博发文《转发那么多锦鲤却败给一条草鱼，我把29万浙江高考生逼疯了》称，他的文章被考卷选中已不是第一次了，“从几年前我亲外甥逼着我做他的高考模拟试卷的阅读理解题《六点钟准时响起的电话》结果勉强及格……印象里我先后被临幸的文章有《等待那只手》、《亲你的左脸颊》、《用咳嗽来思念》……”\r\n谈到出题老师的思路，巩高峰认为：“除了这篇文章的结尾稍微有点欺骗性——想来这也是老师选这篇文章的目的之一，另外的目的，我猜是出题老师年纪有点大，对苦难有印象，可是95后的学生根本不理解好么？”\r\n对于考生潮水般的吐槽，巩高峰则称，“大家找不到出题老师，只好找文章作者来泄火，那么我作为一个出气口，大家尽情喷吧，理解你们……其实，大家最应该做的，应该是早点洗洗睡，好第二天从别的科扳回分数来啊！”[1] \r\n目前最接近标准答案的是：诡异的光有三层含义，一鱼死后眼睛突出，反射出来的光很诡异。二是表达了鱼死都不甘和愤怒。三是作者借鱼描写作者一家人的生活贫困，表示了自己的心情很无奈。',1,'诡异的光','2018-03-12 15:47:27',1,1,'语文科高考早已经结束，许多浙江考生表示，今年阅读题《一种美味》太难。而该文作者巩高峰发微博表示，自己对于自己的文章也只能“阅读”无法“理解”，并称：“标准答案没出来，我怎么知道我想表达什么，我怎么知道结尾有什么意义”。\r\n原来，今年浙江省的高考语文阅读题使用了巩高峰的一篇文章《一种美味》。全文描述了贫寒的一家五口拿着六岁的小儿子从水沟里捉到的草鱼烧鱼汤的情景。文章结尾有这么一句话：“现在，它早已死了，只是眼里还闪着一丝诡异的光”。而最后一题问的也是“诡异的光指的是什么？”\r\n网友也纷纷调侃：“错过了早高峰，躲过了晚高峰，却碰上了巩高峰”；“转千万条锦鲤抵不过一条草鱼”；“出题老师出题的时候，眼里怕是闪着诡异的光”。还有网友总结道：“原作被挖出来后，才知道结尾有多么的没有意义。所以阅读理解就是一群人在YY，原作者可能就是随意一写，可怜鲁迅这么多年啊！”\r\n6月7日晚，巩高峰在微博发文《转发那么多锦鲤却败给一条草鱼，我把29万浙江高考生逼疯了》称，他的文章被考卷选中已不是第一次了，“从几年前我亲外甥逼着我做他的高考模拟试卷的阅读理解题《六点钟准时响起的电话》结果勉强及格……印象里我先后被临幸的文章有《等待那只手》、《亲你的左脸颊》、《用咳嗽来思念》……”\r\n谈到出题老师的思路，巩高峰认为：“除了这篇文章的结尾稍微有点欺骗性——想来这也是老师选这篇文章的目的之一，另外的目的，我猜是出题老师年纪有点大，对苦难有印象，可是95后的学生根本不理解好么？”\r\n对于考生潮水般的吐槽，巩高峰则称，“大家找不到出题老师，只好找文章作者来泄火，那么我作为一个出气口，大家尽情喷吧，理解你们……其实，大家最应该做的，应该是早点洗洗睡，好第二天从别的科扳回分数来啊！”[1] \r\n目前最接近标准答案的是：诡异的光有三层含义，一鱼死后眼睛突出，反射出来的光很诡异。二是表达了鱼死都不甘和愤怒。三是作者借鱼描写作者一家人的生活贫困，表示了自己的心情很无奈。'),(2,'春姑娘迈着轻盈的步伐来到了我家小院，她缓缓地驱走了花园里的丝丝寒意，悄悄地捎来温暖的气息。她伸出长长的手臂，摇醒了花园的土地的梦，她抖动着细细的手指，拨痒了花园里的每一株小草、每一朵花、每一棵树的心弦。\r\n　　走在花园里的灰色的砖道上，我突然闻到阵阵扑鼻的花香，一眼望去，前面的景象立刻把我给迷住了。柳树舒展开了嫩绿色的双手，在微微的春风中轻柔地拂动，就像一群身着绿装的仙女在翩翩起舞。夹在柳树中间的桃花也开出了鲜艳的花朵，绿的柳，红的花，真是美极了！\r\n　　花坛里，绿油油的草像一块碧绿的翡翠，青青的小草从地下探出了小脑袋。草地上，还长着各式各样的野花，只见它们伸伸腰，抬抬头，争先恐后地纵情怒放，红色的、白色的、蓝色的、白色的、紫色的……真是百花争艳，五彩缤纷。春风吹来，小草一摇一摆，好像在向我们招手，花儿也摆动着身姿，正在跳舞似的，好像在欢迎我们呢！成群结队的蜜蜂，扑扇着黄色的翅膀，嗡嗡地忙着采蜜，五颜六色的蝴蝶，也成双成对地飞舞。\r\n　　春天是百花盛开的季节，也是一年中万物生长的时候，俗话说：“一年四季在于春。”春天也是我们学习的好时候，让我们在春日的阳光下好好学习，在未来的秋天里，以丰硕的果实报效祖国。',1,'小院的春色','2018-03-12 16:27:54',1,1,'春姑娘迈着轻盈的步伐来到了我家小院，她缓缓地驱走了花园里的丝丝寒意，悄悄地捎来温暖的气息。她伸出长长的手臂，摇醒了花园的土地的梦，她抖动着细细的手指，拨痒了花园里的每一株小草、每一朵花、每一棵树的心弦。\r\n　　走在花园里的灰色的砖道上，我突然闻到阵阵扑鼻的花香，一眼望去，前面的景象立刻把我给迷住了。柳树舒展开了嫩绿色的双手，在微微的春风中轻柔地拂动，就像一群身着绿装的仙女在翩翩起舞。夹在柳树中间的桃花也开出了鲜艳的花朵，绿的柳，红的花，真是美极了！\r\n　　花坛里，绿油油的草像一块碧绿的翡翠，青青的小草从地下探出了小脑袋。草地上，还长着各式各样的野花，只见它们伸伸腰，抬抬头，争先恐后地纵情怒放，红色的、白色的、蓝色的、白色的、紫色的……真是百花争艳，五彩缤纷。春风吹来，小草一摇一摆，好像在向我们招手，花儿也摆动着身姿，正在跳舞似的，好像在欢迎我们呢！成群结队的蜜蜂，扑扇着黄色的翅膀，嗡嗡地忙着采蜜，五颜六色的蝴蝶，也成双成对地飞舞。\r\n　　春天是百花盛开的季节，也是一年中万物生长的时候，俗话说：“一年四季在于春。”春天也是我们学习的好时候，让我们在春日的阳光下好好学习，在未来的秋天里，以丰硕的果实报效祖国。'),(3,'每一个季节里，公园里的景色都是那样迷人，但是他们都拥有一个特点：美丽。\r\n　　“胜日寻芳泗水滨，无边光景一时新。”春姑娘来到了人间，叫醒了桃花和迎春花，敲起了柳树家的门……春是四季的使者，是最美的时刻，一切都是让春天变得更生机勃勃，春回大地。\r\n　　“小荷才露尖尖角，早有蜻蜓立上头。”夏哥哥站在云际上，它就像毛主席一样，指挥着热烈的战斗：它先让火辣辣的太阳袭击我们，而人们聪明的躲在家里，不肯出来。哈哈！夏哥哥战败了，只好灰溜溜地逃走了。\r\n　　“落霞与孤鹜齐飞，秋水共长天一色。”为什么说秋天是美丽的呢？因为秋天的叶子的颜色深浅度不一样，有的是金黄色的，有的是淡灰色的，还有的是枯黄的……你或许也能闻见桂花香的味道，也是那样的诱人。\r\n　　“欲渡黄河冰塞川，将登太行雪满山。”美丽的雪景也令人难忘。天空下起了鹅毛大雪，有的白雪乱飞乱扬，好像给大地铺上了几层厚厚的大被子，大地一下子就变成了银装素裹的世界。\r\n　　我爱美丽的公园！',1,'美丽的公园','2018-03-12 16:30:30',1,1,'每一个季节里，公园里的景色都是那样迷人，但是他们都拥有一个特点：美丽。\r\n　　“胜日寻芳泗水滨，无边光景一时新。”春姑娘来到了人间，叫醒了桃花和迎春花，敲起了柳树家的门……春是四季的使者，是最美的时刻，一切都是让春天变得更生机勃勃，春回大地。\r\n　　“小荷才露尖尖角，早有蜻蜓立上头。”夏哥哥站在云际上，它就像毛主席一样，指挥着热烈的战斗：它先让火辣辣的太阳袭击我们，而人们聪明的躲在家里，不肯出来。哈哈！夏哥哥战败了，只好灰溜溜地逃走了。\r\n　　“落霞与孤鹜齐飞，秋水共长天一色。”为什么说秋天是美丽的呢？因为秋天的叶子的颜色深浅度不一样，有的是金黄色的，有的是淡灰色的，还有的是枯黄的……你或许也能闻见桂花香的味道，也是那样的诱人。\r\n　　“欲渡黄河冰塞川，将登太行雪满山。”美丽的雪景也令人难忘。天空下起了鹅毛大雪，有的白雪乱飞乱扬，好像给大地铺上了几层厚厚的大被子，大地一下子就变成了银装素裹的世界。\r\n　　我爱美丽的公园！'),(4,'我的家乡坐落在板桥古镇小街，那里的景色非常诱人，就连我们这些当地人，对这美丽的风景也是百看不厌。\r\n　　古镇小街用的瓦，是东方彩瓦。那种瓦，有一定的形状大小规律，挺好看的；花窗，是一种民间艺术。制做好后，就把它安装在窗口上，也很好看；在花窗间隔的地方，用油漆漆上自己喜欢的颜色，既不单调，又多姿多彩。当整栋房屋装修好了，赢来的不只是赞叹，还有羡慕。\r\n　　古镇小街不仅景美，人们的心也很美。\r\n　　一次，有一个衣衫褴褛的大人赤着脚在街上走。小街的人看到了，急忙拥了上去，对这位不速之客问寒问暖。一个小街的人跑回家，拿了一根煮熟的香喷喷的玉米棒给这位流浪汉。其他人见了，也都回家拿了一些东西给他。有衣服、帽子等等。\r\n　　我爱我的家乡---古镇小街。因为那里不但景色美，而且人也美。难道不是吗？',1,'美丽的古镇小街','2018-03-12 16:31:04',1,1,'我的家乡坐落在板桥古镇小街，那里的景色非常诱人，就连我们这些当地人，对这美丽的风景也是百看不厌。\r\n　　古镇小街用的瓦，是东方彩瓦。那种瓦，有一定的形状大小规律，挺好看的；花窗，是一种民间艺术。制做好后，就把它安装在窗口上，也很好看；在花窗间隔的地方，用油漆漆上自己喜欢的颜色，既不单调，又多姿多彩。当整栋房屋装修好了，赢来的不只是赞叹，还有羡慕。\r\n　　古镇小街不仅景美，人们的心也很美。\r\n　　一次，有一个衣衫褴褛的大人赤着脚在街上走。小街的人看到了，急忙拥了上去，对这位不速之客问寒问暖。一个小街的人跑回家，拿了一根煮熟的香喷喷的玉米棒给这位流浪汉。其他人见了，也都回家拿了一些东西给他。有衣服、帽子等等。\r\n　　我爱我的家乡---古镇小街。因为那里不但景色美，而且人也美。难道不是吗？'),(5,'幼儿园时的我，过于怕羞，总是不敢融入集体，害怕自己做不好事，会被别人嘲笑，哪怕是活动时间也是把自己与同学们隔离。\r\n　　那时，看到别人在众人面前侃侃而谈时，便无端产生了一种深深的自卑感，自己分明是渴望被老师和同学关注，接受的，却总是在恐惧，下不定表现自己的决心，只能眼睁睁地看着那些一起玩耍的同学们。\r\n　　一次活动课，我正准备回教室看会书，一个婉转动听的声音在耳边响起：“你好！”我转身。那是一位女孩，耀眼的阳光下，有一丛海藻般浓密，墨水般乌黑的头发闪闪发光，微微卷曲。她的眼睛像海水一样澄澈，无染。皮肤很白，是象牙色的。脸上带着爽朗的微笑，笑起来就像铃铛一般清脆，“如果不介意的话，我可以和你做朋友吗？”\r\n　　她的脸上还是有着浓浓的笑意，沁人心脾。\r\n　　“当然啦！”我巴不得有这样的好事－－一个融入同学的机会\r\n　　“咯咯咯！”又一阵悦耳的笑声响起，她笑了，我也跟着她一起笑了。\r\n　　“来。”她牵起了我的手，她的脸好像是绽开的白兰花，浓浓的笑意写在了脸上，同时嘴角洋溢着俏皮而有几分神秘的笑容，“我带你去一个很好玩的地方，好不好？”\r\n　　“好啊！”面对着她那真诚的邀请，我是自然无法拒绝的。\r\n　　她的眼睛如碧波一般清纯，嘴角上扬的弧度似月牙般完美，叫人丝毫找不出瑕疵，赶走了所有的阴霾，使我顿时意识到天竟是如此的明亮。或许，这便是来自天使的微笑吧。\r\n　　一双小小的，肉肉的，透着婴儿白的手蒙上了我的眼睛：“这样子才能感到惊喜呦！”空谷幽兰般的声音又一次萦绕在了耳边。\r\n　　“小心一点，这里要转弯！”“别走太快，要摔跤的！”“有台阶，慢一些走，我扶着你，不用担心！”……\r\n　　一路上，这类充满着关心的话语，一直伴着我，那种感觉，是不能用普通的话语来表达出来的。这让我不再惧怕，摆脱了那种觉得自己不如别人的深深的自卑\r\n　　正想着，她带我来到了一个地方，一个有一束束阳光洒在周围的地方，并且对我行了一个礼。\r\n　　我还没反应过来，她便已经唱起了歌－－《友谊地久天长》。\r\n　　“举杯痛饮，同声歌唱，友谊地久天长－－”她唱完了最后一个字后，脸上泛起了红晕，一改了之前的活泼，多了些腼腆，到让她显得更加可爱。“那个……那个……”她那灿若繁星的眸子充满期待的望着我，双手攥了攥衣角，略变大声地说“你是我的第一个朋友，以后的日子，我能一直和你做朋友吗？“\r\n　　我先是一愣，嘴角渐渐露出笑意：“当然可以啦，我很开心认识你，我的朋友！”\r\n　　……\r\n　　时过境迁，里那个诺言已有十年之久。而当年的她，在我遇到困难之时，帮我过不少忙。当年那首歌的旋律，依然在心头回荡……',1,'改变，是为了遇见更好的自己','2018-03-12 16:31:42',1,3,'幼儿园时的我，过于怕羞，总是不敢融入集体，害怕自己做不好事，会被别人嘲笑，哪怕是活动时间也是把自己与同学们隔离。\r\n　　那时，看到别人在众人面前侃侃而谈时，便无端产生了一种深深的自卑感，自己分明是渴望被老师和同学关注，接受的，却总是在恐惧，下不定表现自己的决心，只能眼睁睁地看着那些一起玩耍的同学们。\r\n　　一次活动课，我正准备回教室看会书，一个婉转动听的声音在耳边响起：“你好！”我转身。那是一位女孩，耀眼的阳光下，有一丛海藻般浓密，墨水般乌黑的头发闪闪发光，微微卷曲。她的眼睛像海水一样澄澈，无染。皮肤很白，是象牙色的。脸上带着爽朗的微笑，笑起来就像铃铛一般清脆，“如果不介意的话，我可以和你做朋友吗？”\r\n　　她的脸上还是有着浓浓的笑意，沁人心脾。\r\n　　“当然啦！”我巴不得有这样的好事－－一个融入同学的机会\r\n　　“咯咯咯！”又一阵悦耳的笑声响起，她笑了，我也跟着她一起笑了。\r\n　　“来。”她牵起了我的手，她的脸好像是绽开的白兰花，浓浓的笑意写在了脸上，同时嘴角洋溢着俏皮而有几分神秘的笑容，“我带你去一个很好玩的地方，好不好？”\r\n　　“好啊！”面对着她那真诚的邀请，我是自然无法拒绝的。\r\n　　她的眼睛如碧波一般清纯，嘴角上扬的弧度似月牙般完美，叫人丝毫找不出瑕疵，赶走了所有的阴霾，使我顿时意识到天竟是如此的明亮。或许，这便是来自天使的微笑吧。\r\n　　一双小小的，肉肉的，透着婴儿白的手蒙上了我的眼睛：“这样子才能感到惊喜呦！”空谷幽兰般的声音又一次萦绕在了耳边。\r\n　　“小心一点，这里要转弯！”“别走太快，要摔跤的！”“有台阶，慢一些走，我扶着你，不用担心！”……\r\n　　一路上，这类充满着关心的话语，一直伴着我，那种感觉，是不能用普通的话语来表达出来的。这让我不再惧怕，摆脱了那种觉得自己不如别人的深深的自卑\r\n　　正想着，她带我来到了一个地方，一个有一束束阳光洒在周围的地方，并且对我行了一个礼。\r\n　　我还没反应过来，她便已经唱起了歌－－《友谊地久天长》。\r\n　　“举杯痛饮，同声歌唱，友谊地久天长－－”她唱完了最后一个字后，脸上泛起了红晕，一改了之前的活泼，多了些腼腆，到让她显得更加可爱。“那个……那个……”她那灿若繁星的眸子充满期待的望着我，双手攥了攥衣角，略变大声地说“你是我的第一个朋友，以后的日子，我能一直和你做朋友吗？“\r\n　　我先是一愣，嘴角渐渐露出笑意：“当然可以啦，我很开心认识你，我的朋友！”\r\n　　……\r\n　　时过境迁，里那个诺言已有十年之久。而当年的她，在我遇到困难之时，帮我过不少忙。当年那首歌的旋律，依然在心头回荡……'),(6,'老师，是一个多么值得可敬的职业，一个多么神圣的职业，一个多么值得受尊重的职业！老师会教给我们知识，教会我们怎样做人，怎样与人相处。老师关心同学，如果班里谁没来上课，老师保证会打一个电话过去，弄清情况。\r\n　　“春色满园关不住，一枝红杏出墙来。”“等闲识得东风面，万紫千红总是春。”这些优美的古诗都是我的语文老师——黄老师教给我的。黄老师是一位和蔼可亲又不失严肃的好老师，不记得他鼓励过我们多少次，当有同学上课没听懂时，黄老师并不会马上批评他，而是耐心的辅导那位同学，直到他听懂为止。今天，我要讲的就是关于黄老师的故事，快来听听吧！\r\n　　黄老师是我们的语文老师，所以他要上的课很多，一天至少有一两节，有时候还是连堂两节，连口水都喝不上。就有一次，黄老师为了给我们上课，弄得自己嗓子都哑了，几乎说不出话来，还坚持给同学们讲课，全然不顾自己的病痛。最可恶的是，有些同学还不好好上课，故意在课堂上讲话。\r\n　　有一次，我没考好，心情很糟糕，黄老师知道了，并没有批评我，而是鼓励我：“考试考砸了不要紧，每个人总会有失败的时候，只要认真学习，好好读书，还是有希望的，所以不用灰心，打起精神来，继续努力，争取下次有进步。”是啊，一次失败对我们来说又算什么呢？失败了就要想着如何走向成功，考砸了就要想着怎样努力，把丢失的分找回来啊！于是，我认真学习，在第二次考试的时候，终于取得了高分。\r\n　　故事还没有讲完，在老师身上，每天都会有许多各种各样的故事发生，下次有机会的话，我们继续分享哦！',1,'老师的故事','2018-03-12 16:32:10',1,3,'老师，是一个多么值得可敬的职业，一个多么神圣的职业，一个多么值得受尊重的职业！老师会教给我们知识，教会我们怎样做人，怎样与人相处。老师关心同学，如果班里谁没来上课，老师保证会打一个电话过去，弄清情况。\r\n　　“春色满园关不住，一枝红杏出墙来。”“等闲识得东风面，万紫千红总是春。”这些优美的古诗都是我的语文老师——黄老师教给我的。黄老师是一位和蔼可亲又不失严肃的好老师，不记得他鼓励过我们多少次，当有同学上课没听懂时，黄老师并不会马上批评他，而是耐心的辅导那位同学，直到他听懂为止。今天，我要讲的就是关于黄老师的故事，快来听听吧！\r\n　　黄老师是我们的语文老师，所以他要上的课很多，一天至少有一两节，有时候还是连堂两节，连口水都喝不上。就有一次，黄老师为了给我们上课，弄得自己嗓子都哑了，几乎说不出话来，还坚持给同学们讲课，全然不顾自己的病痛。最可恶的是，有些同学还不好好上课，故意在课堂上讲话。\r\n　　有一次，我没考好，心情很糟糕，黄老师知道了，并没有批评我，而是鼓励我：“考试考砸了不要紧，每个人总会有失败的时候，只要认真学习，好好读书，还是有希望的，所以不用灰心，打起精神来，继续努力，争取下次有进步。”是啊，一次失败对我们来说又算什么呢？失败了就要想着如何走向成功，考砸了就要想着怎样努力，把丢失的分找回来啊！于是，我认真学习，在第二次考试的时候，终于取得了高分。\r\n　　故事还没有讲完，在老师身上，每天都会有许多各种各样的故事发生，下次有机会的话，我们继续分享哦！'),(7,'是谁为我洗衣做饭？是谁在我失败中给我鼓励与安慰？是谁教我如何做人，做事，行善？又是谁总是为我付出一切？是妈妈！伟大的妈妈！\r\n　　一头黑色发亮的卷发，一双眉毛下嵌着一双炯炯有神的眼睛，高高的鼻子下面有一张能说会道的嘴巴，红红的脸，每当笑起来的时候，总会有好看的酒窝。一看见妈妈，总会有一种久违的幸福涌上心头。\r\n　　记得那一次买保险，我的爸爸给我的弟弟买了一份保险，没有给我买，妈妈知道这件事后，大怒。对爸爸说：“你买保险怎么不跟我商量，？逯煜堃还小没有什么危险，逯煜晗已经大了，万一要是有个什么危险怎么办？到底是你负责，还是我负责？”爸爸最后终于在妈妈的解释下，把保险转给我了。\r\n　　我记得有一次，我上舞蹈课的时候，为了挤12路车把胳膊夹了。到家后直哼哼。妈妈二话没说把我拉起来去了医院。检查过后，医心中悬的一颗心总算是放下了生说并无大碍，妈妈长呼一口气。心中悬的一颗石头总算是放下了。\r\n　　这两次经历我明白了妈妈的良苦用心！古人说的好：“慈母手中线，游子身上衣，临行密密缝，意恐迟迟归，谁言寸草心，报得三春晖。”妈妈我想对您说：“您的爱是慈祥的笑容，是亲切话语，是热情的鼓励，是温暖的拥抱，更是严格的要求。我相信在您的阳光沐浴下。我会健康、快乐、成长的。”',1,'送给妈妈的悄悄话','2018-03-12 16:33:33',1,1,'是谁为我洗衣做饭？是谁在我失败中给我鼓励与安慰？是谁教我如何做人，做事，行善？又是谁总是为我付出一切？是妈妈！伟大的妈妈！\r\n　　一头黑色发亮的卷发，一双眉毛下嵌着一双炯炯有神的眼睛，高高的鼻子下面有一张能说会道的嘴巴，红红的脸，每当笑起来的时候，总会有好看的酒窝。一看见妈妈，总会有一种久违的幸福涌上心头。\r\n　　记得那一次买保险，我的爸爸给我的弟弟买了一份保险，没有给我买，妈妈知道这件事后，大怒。对爸爸说：“你买保险怎么不跟我商量，？逯煜堃还小没有什么危险，逯煜晗已经大了，万一要是有个什么危险怎么办？到底是你负责，还是我负责？”爸爸最后终于在妈妈的解释下，把保险转给我了。\r\n　　我记得有一次，我上舞蹈课的时候，为了挤12路车把胳膊夹了。到家后直哼哼。妈妈二话没说把我拉起来去了医院。检查过后，医心中悬的一颗心总算是放下了生说并无大碍，妈妈长呼一口气。心中悬的一颗石头总算是放下了。\r\n　　这两次经历我明白了妈妈的良苦用心！古人说的好：“慈母手中线，游子身上衣，临行密密缝，意恐迟迟归，谁言寸草心，报得三春晖。”妈妈我想对您说：“您的爱是慈祥的笑容，是亲切话语，是热情的鼓励，是温暖的拥抱，更是严格的要求。我相信在您的阳光沐浴下。我会健康、快乐、成长的。”'),(8,'鸟语\r\n　　一只鸟飞到我家的阳台上,它一身灰色的羽毛,嘴是黄白色的,望着它，我陷入了沉思。\r\n　　同样是一个午后,我们一家人在公园的草地上躺着晒太阳,天是那么的蓝,我们被一片绿色环绕着,阳光一点也不刺眼,晒在脸上暖暖的,前面是一片小树林,树枝带着绿叶在微风中向我招手，树枝上有很多错落有致的鸟巢。就在草地的旁边，一群鸟儿在觅食，它们一会嬉戏打闹，一会齐鸣共唱，一会列队飞翔，好一般欢乐的景象。我们默默地闭上眼睛，享受着这惬意的午后，听着悦耳的鸟鸣。\r\n　　我渐渐地回过神来，与鸟儿久久对视，它拍怕翅膀，唱着歌儿，飞离了我的视线。\r\n　　花香\r\n　　在花园里，我们悠闲地散步，前方弥漫着薄薄的晨雾，像纯白的面纱，我用手轻轻一拨，它慢慢的散开了，前方的小径开始清晰了，一阵花香扑鼻而来。\r\n　　我看清楚了，一片花海映入眼帘，红的、黄的、蓝的交相辉映，玫瑰、郁金香、满天星竞相开放，我们沉醉在阵阵花香中，忘记了周边的一切，不管广播的喧嚣、不管拥挤的人群、不管商贩的吆喝，只有这花香，才是大自然的味道。\r\n　　落日\r\n　　太阳快要下班了，我们在山上欣赏着落日的辉煌，当太阳触碰到水面时，一阵清风扑面而来，掀起我们的衣摆，送来一丝丝清凉，一缕缕地带走我们心里的浮躁。最后的几缕阳光冲破云霄，映照在我们的脸上，是那么的舒适。\r\n　　当最后一米阳光消失在湖面，又是一阵清风，穿过树林，携着鸟鸣、伴着花香，将旁边高楼大厦的灯点亮，借着余光我们在回家的路上。\r\n　　晚月\r\n　　一声鸟鸣、一阵清香，路灯站在自己的岗位上，默默地履行着它的职责，守护着寂静的街道。一轮明月悄悄地升上了夜空，还有星星陪伴，它们点亮了整个夜空。\r\n　　夜深了，来往的人群和车辆少了，街道也慢慢地安静了下来，又是一阵花香——凌霄花静静地开放，我慢慢地进入了梦乡。',1,'鸟语花香','2018-03-12 16:34:06',1,1,'鸟语\r\n　　一只鸟飞到我家的阳台上,它一身灰色的羽毛,嘴是黄白色的,望着它，我陷入了沉思。\r\n　　同样是一个午后,我们一家人在公园的草地上躺着晒太阳,天是那么的蓝,我们被一片绿色环绕着,阳光一点也不刺眼,晒在脸上暖暖的,前面是一片小树林,树枝带着绿叶在微风中向我招手，树枝上有很多错落有致的鸟巢。就在草地的旁边，一群鸟儿在觅食，它们一会嬉戏打闹，一会齐鸣共唱，一会列队飞翔，好一般欢乐的景象。我们默默地闭上眼睛，享受着这惬意的午后，听着悦耳的鸟鸣。\r\n　　我渐渐地回过神来，与鸟儿久久对视，它拍怕翅膀，唱着歌儿，飞离了我的视线。\r\n　　花香\r\n　　在花园里，我们悠闲地散步，前方弥漫着薄薄的晨雾，像纯白的面纱，我用手轻轻一拨，它慢慢的散开了，前方的小径开始清晰了，一阵花香扑鼻而来。\r\n　　我看清楚了，一片花海映入眼帘，红的、黄的、蓝的交相辉映，玫瑰、郁金香、满天星竞相开放，我们沉醉在阵阵花香中，忘记了周边的一切，不管广播的喧嚣、不管拥挤的人群、不管商贩的吆喝，只有这花香，才是大自然的味道。\r\n　　落日\r\n　　太阳快要下班了，我们在山上欣赏着落日的辉煌，当太阳触碰到水面时，一阵清风扑面而来，掀起我们的衣摆，送来一丝丝清凉，一缕缕地带走我们心里的浮躁。最后的几缕阳光冲破云霄，映照在我们的脸上，是那么的舒适。\r\n　　当最后一米阳光消失在湖面，又是一阵清风，穿过树林，携着鸟鸣、伴着花香，将旁边高楼大厦的灯点亮，借着余光我们在回家的路上。\r\n　　晚月\r\n　　一声鸟鸣、一阵清香，路灯站在自己的岗位上，默默地履行着它的职责，守护着寂静的街道。一轮明月悄悄地升上了夜空，还有星星陪伴，它们点亮了整个夜空。\r\n　　夜深了，来往的人群和车辆少了，街道也慢慢地安静了下来，又是一阵花香——凌霄花静静地开放，我慢慢地进入了梦乡。'),(10,'&lt;p style=&quot;padding: 20px 0px 0px; margin-top: 0px; margin-bottom: 0px; word-wrap: break-word; word-break: normal; text-indent: 2em; font-family: &amp;quot;Microsoft YaHei&amp;quot;; font-size: 14px; white-space: normal;&quot;&gt;每个人心中都有爱，而我也有爱，我爱我的家人，因为他（她）们都给了我无私的爱。&lt;/p&gt;&lt;p style=&quot;padding: 20px 0px 0px; margin-top: 0px; margin-bottom: 0px; word-wrap: break-word; word-break: normal; text-indent: 2em; font-family: &amp;quot;Microsoft YaHei&amp;quot;; font-size: 14px; white-space: normal;&quot;&gt;我家是四口之家，有爸爸、妈妈、哥哥还有我。&lt;/p&gt;&lt;p style=&quot;padding: 20px 0px 0px; margin-top: 0px; margin-bottom: 0px; word-wrap: break-word; word-break: normal; text-indent: 2em; font-family: &amp;quot;Microsoft YaHei&amp;quot;; font-size: 14px; white-space: normal;&quot;&gt;爸爸他是我们家的&ldquo;顶梁柱&rdquo;，他为了我们这个家付出了很多。他比较严厉，一般做错了事不是打就是骂，但在物质上他会尽他所能及来满足我和哥哥。而我和哥哥现在渐渐长大了，他也就很少打我们了，反之和我们讲道理。所以我爱爸爸！&lt;/p&gt;&lt;p style=&quot;padding: 20px 0px 0px; margin-top: 0px; margin-bottom: 0px; word-wrap: break-word; word-break: normal; text-indent: 2em; font-family: &amp;quot;Microsoft YaHei&amp;quot;; font-size: 14px; white-space: normal;&quot;&gt;妈妈她时而&ldquo;凶&rdquo;，时而慈祥。我做错了事她生气了偶尔就会打我，但每次打完就偷偷抹眼泪。记得有一次，我出去玩，天渐渐黑了我才到家，妈妈看见我不见了四处奔波找我，我见妈妈拿了鸡毛掸子的另一头，就朝我走来。我心想：惨了，今天要挨打了，这么粗的棒棒，不流血才怪啊。。。。。。我还在想，妈妈就过来了，一看见妈妈来撒腿就跑，但还是来不及，妈妈已经逮住我了。她说：&ldquo;你个死丫头。你跑哪儿去了？这么晚了才回来，我以前是怎么跟你说的，你忘了吗？是不是好久没打你了皮痒痒了。&rdquo;听到这些不知道是哪里来的勇气像妈妈顶嘴，结果妈妈非常生气，拿起鸡毛掸子就向我打来。一打我我就拼命的哭，她心软了，就叫我承认错误。我也承认错误了并且保证不会再犯了过了一会儿，妈妈拿了药过来，给我上药，看见我腿上一条条鼓起来的鞭痕就忍不住哭了起来。她说：&ldquo;你这个笨丫头，看你以后还听不听妈妈的话。&rdquo;所以我也爱妈妈！虽然她有时&ldquo;凶&rdquo;有时慈祥，但这就是她，我独一无二的妈妈！&lt;/p&gt;&lt;p style=&quot;padding: 20px 0px 0px; margin-top: 0px; margin-bottom: 0px; word-wrap: break-word; word-break: normal; text-indent: 2em; font-family: &amp;quot;Microsoft YaHei&amp;quot;; font-size: 14px; white-space: normal;&quot;&gt;哥哥他学习很好，特别是数学，他每次数学都是班上第一，而我数学一塌糊涂，但他经常教我数学，而我因为不懂发过脾气。但哥哥非常耐心的给我一步步讲解，经常买东西给我吃，拿一些钱给我用。所以我也爱哥哥！&lt;/p&gt;&lt;p style=&quot;padding: 20px 0px 0px; margin-top: 0px; margin-bottom: 0px; word-wrap: break-word; word-break: normal; text-indent: 2em; font-family: &amp;quot;Microsoft YaHei&amp;quot;; font-size: 14px; white-space: normal;&quot;&gt;这些就是我心中满满的爱，这就是我亲爱的家人！&lt;/p&gt;&lt;p&gt;&lt;br/&gt;&lt;/p&gt;',1,'我爱我的家人 ','2018-03-13 20:20:53',1,3,'每个人心中都有爱，而我也有爱，我爱我的家人，因为他（她）们都给了我无私的爱。我家是四口之家，有爸爸、妈妈、哥哥还有我。爸爸他是我们家的“顶梁柱”，他为了我们这个家付出了很多。他比较严厉，一般做错了事不是打就是骂，但在物质上他会尽他所能及来满足我和哥哥。而我和哥哥现在渐渐长大了，他也就很少打我们了，反之和我们讲道理。所以我爱爸爸！妈妈她时而“凶”，时而慈祥。我做错了事她生气了偶尔就会打我，但每次打完就偷偷抹眼泪。记得有一次，我出去玩，天渐渐黑了我才到家，妈妈看见我不见了四处奔波找我，我见妈妈拿了鸡毛掸子的另一头，就朝我走来。我心想：惨了，今天要挨打了，这么粗的棒棒，不流血才怪啊。。。。。。我还在想，妈妈就过来了，一看见妈妈来撒腿就跑，但还是来不及，妈妈已经逮住我了。她说：“你个死丫头。你跑哪儿去了？这么晚了才回来，我以前是怎么跟你说的，你忘了吗？是不是好久没打你了皮痒痒了。”听到这些不知道是哪里来的勇气像妈妈顶嘴，结果妈妈非常生气，拿起鸡毛掸子就向我打来。一打我我就拼命的哭，她心软了，就叫我承认错误。我也承认错误了并且保证不会再犯了过了一会儿，妈妈拿了药过来，给我上药，看见我腿上一条条鼓起来的鞭痕就忍不住哭了起来。她说：“你这个笨丫头，看你以后还听不听妈妈的话。”所以我也爱妈妈！虽然她有时“凶”有时慈祥，但这就是她，我独一无二的妈妈！哥哥他学习很好，特别是数学，他每次数学都是班上第一，而我数学一塌糊涂，但他经常教我数学，而我因为不懂发过脾气。但哥哥非常耐心的给我一步步讲解，经常买东西给我吃，拿一些钱给我用。所以我也爱哥哥！这些就是我心中满满的爱，这就是我亲爱的家人！');

/*Data for the table `ch_dept` */

insert  into `ch_dept`(`id`,`name`,`dept_id`) values (1,'总经理室',NULL),(2,'技术总部',NULL),(3,'业务总部',NULL),(4,'行政总部',NULL),(5,'财务总部',NULL),(6,'技术一部',2),(7,'财务一部',5),(8,'行政一部',4),(9,'业务一部',3);

/*Data for the table `ch_distributionrecord` */

insert  into `ch_distributionrecord`(`id`,`lendTime`,`returnTime`,`state`,`asset_id`,`staff_id`) values (1,'2018-03-15 15:01:34',NULL,0,1,1);

/*Data for the table `ch_draftbox` */

insert  into `ch_draftbox`(`id`,`acceptDetail`,`content`,`saveTime`,`state`,`summary`,`title`,`sendPerson`) values (4,'<span class=\"accpetPersonSpan\" uid=\"1\">总经理&lt;ch@howard.com&gt;<span class=\"accpetPersonTime\">×</span></span>','<p>老板，我想加工资</p>','2018-03-24 11:53:48',0,'老板，我想加工资','',1),(5,'&lt;span class=&quot;accpetPersonSpan&quot; uid=&quot;1&quot;&gt;总经理&amp;lt;ch@howard.com&amp;gt;&lt;span class=&quot;accpetPersonTime&quot;&gt;&times;&lt;/span&gt;&lt;/span&gt;','&lt;p&gt;老板，我想加工资&lt;/p&gt;','2018-03-24 11:58:06',0,'老板，我想加工资','老板，我想加工资',1),(6,'','&lt;p style=&quot;line-height: 16px;&quot;&gt;&lt;img src=&quot;/OAManagingSystem/web/Common/ueditor/dialogs/attachment/fileTypeImages/icon_txt.gif&quot;/&gt;&lt;a href=&quot;/OAManagingSystem/ueditor/jsp/upload/file/20180324/1521875647354006899.txt&quot; title=&quot;阿里云服务器.txt&quot; style=&quot;font-size: 12px; color: rgb(0, 102, 204);&quot;&gt;阿里云服务器.txt&lt;/a&gt;&lt;br/&gt;&lt;/p&gt;&lt;p&gt;&lt;br/&gt;&lt;/p&gt;','2018-03-24 15:14:12',0,'阿里云服务器.txt','',1),(7,'','&lt;p style=&quot;line-height: 16px;&quot;&gt;&lt;img src=&quot;/OAManagingSystem/web/Common/ueditor/dialogs/attachment/fileTypeImages/icon_doc.gif&quot;/&gt;&lt;a style=&quot;font-size:12px; color:#0066cc;&quot; href=&quot;/OAManagingSystem/ueditor/jsp/upload/file/20180324/1521875852480060300.doc&quot; title=&quot;广州航海学院毕业设计（论文）任务书7－李新燕.doc&quot;&gt;广州航海学院毕业设计（论文）任务书7－李新燕.doc&lt;/a&gt;&lt;/p&gt;&lt;p&gt;&lt;br/&gt;&lt;/p&gt;','2018-03-24 15:17:39',0,'广州航海学院毕业设计（论文）任务书7－李新燕.doc','',1),(8,'','&lt;p style=&quot;line-height: 16px;&quot;&gt;&lt;img src=&quot;/OAManagingSystem/web/Common/ueditor/dialogs/attachment/fileTypeImages/icon_txt.gif&quot;/&gt;&lt;a style=&quot;font-size:12px; color:#0066cc;&quot; href=&quot;/OAManagingSystem/file/download.do?fileName=/ueditor/jsp/upload/file/20180325/1521952476698078726.txt&quot; title=&quot;动漫.txt&quot;&gt;动漫.txt&lt;/a&gt;&lt;/p&gt;&lt;p&gt;&lt;br/&gt;&lt;/p&gt;','2018-03-25 12:34:40',0,'动漫.txt','',1),(9,'','&lt;p&gt;老板，我要去旅游,老板，我要去旅游&lt;/p&gt;','2018-03-25 18:45:03',0,'老板，我要去旅游,老板，我要去旅游','老板，我要去旅游,老板，我要去旅游',1),(10,'&lt;span class=&quot;accpetPersonSpan&quot; uid=&quot;1&quot;&gt;总经理&amp;lt;ch@howard.com&amp;gt;&lt;span class=&quot;accpetPersonTime&quot;&gt;&times;&lt;/span&gt;&lt;/span&gt;','&lt;p&gt;老板，我要去旅游,老板，我要去旅游&lt;/p&gt;','2018-03-25 18:45:11',0,'老板，我要去旅游,老板，我要去旅游','老板，我要去旅游,老板，我要去旅游',1),(11,'&lt;span class=&quot;accpetPersonSpan&quot; uid=&quot;1&quot;&gt;总经理&amp;lt;ch@howard.com&amp;gt;&lt;span class=&quot;accpetPersonTime&quot;&gt;&times;&lt;/span&gt;&lt;/span&gt;','&lt;p style=&quot;line-height: 16px;&quot;&gt;&lt;img src=&quot;/OAManagingSystem/web/Common/ueditor/dialogs/attachment/fileTypeImages/icon_jpg.gif&quot;/&gt;&lt;a style=&quot;font-size:12px; color:#0066cc;&quot; href=&quot;/OAManagingSystem/file/download.do?fileName=/ueditor/jsp/upload/file/20180325/1521974725693001212.gif&quot; title=&quot;2017-02-10_232612.gif&quot;&gt;2017-02-10_232612.gif&lt;/a&gt;&lt;/p&gt;&lt;p&gt;&lt;br/&gt;&lt;/p&gt;','2018-03-25 18:45:32',0,'2017-02-10_232612.gif','老板，我要去旅游',1);

/*Data for the table `ch_event` */

insert  into `ch_event`(`id`,`allDay`,`end`,`start`,`title`,`user_id`) values (1,'',NULL,'2018-03-05 00:00:00','第一个事件',1),(3,'',NULL,'2018-03-06 00:00:00','第三个事件',1),(4,'',NULL,'2018-03-07 00:00:00','第四个事件',1),(6,'\0','2018-03-10 23:05:21','2018-03-08 23:09:53','第五个事件',1),(7,'\0','2018-03-06 17:48:26','2018-03-06 15:48:35','第六个事件',1),(8,'\0','2018-03-08 21:15:32','2018-03-05 16:15:32','第七个事件',1),(9,'\0','2018-03-07 21:15:43','2018-03-06 21:19:56','第八个事件',1);

/*Data for the table `ch_inbox` */

insert  into `ch_inbox`(`id`,`content`,`hasSee`,`sendTime`,`state`,`summary`,`title`,`accpetPerson`,`sendPerson`) values (6,'&lt;p&gt;我爱我的家人啊&lt;/p&gt;',1,'2018-03-22 16:17:32',NULL,'我爱我的家人啊','我爱我的家人啊',NULL,NULL),(8,'&lt;p&gt;				&lt;/p&gt;&lt;p&gt;理想归理想&lt;/p&gt;&lt;p&gt;\r\n			&lt;/p&gt;',0,'2018-03-24 11:12:46',0,'				理想归理想\r\n			','				理想归理想\r\n			',3,1),(11,'&lt;p&gt;老板，我想加工资&lt;/p&gt;&lt;p&gt;&lt;br/&gt;&lt;/p&gt;',1,'2018-03-24 12:34:45',0,'老板，我想加工资','老板，我想加工资',1,1),(12,'&lt;p&gt;老板，我想加工资&lt;/p&gt;',0,'2018-03-24 12:34:59',0,'老板，我想加工资','老板，我想加工资',1,1),(13,'&lt;p&gt;老板，我想加工资&lt;/p&gt;',0,'2018-03-24 12:35:04',0,'老板，我想加工资','老板，我想加工资',1,1),(14,'&lt;p&gt;老板，我想加工资&lt;/p&gt;',0,'2018-03-24 12:35:18',0,'老板，我想加工资','老板，我想加工资',1,1),(15,'&lt;p&gt;&lt;img src=&quot;/OAManagingSystem/ueditor/jsp/upload/image/20180325/1521956648218017180.gif&quot; title=&quot;1521956648218017180.gif&quot; alt=&quot;2017-02-11_150041.gif&quot;/&gt;&lt;/p&gt;',1,'2018-03-25 13:44:25',0,'','老板，我要去旅游',1,1),(16,'&lt;p&gt;&lt;img src=&quot;/OAManagingSystem/ueditor/jsp/upload/image/20180325/1521956865923000563.gif&quot; title=&quot;1521956865923000563.gif&quot; alt=&quot;2017-02-11_150600.gif&quot;/&gt;&lt;/p&gt;',0,'2018-03-25 13:47:56',0,'','',1,1),(17,'&lt;p&gt;&lt;img src=&quot;/OAManagingSystem/ueditor/jsp/upload/image/20180325/1521957034592015262.gif&quot; title=&quot;1521957034592015262.gif&quot; alt=&quot;2017-02-11_194508.gif&quot;/&gt;&lt;/p&gt;',1,'2018-03-25 13:51:17',0,'','老板，我要去旅游',1,1),(18,'&lt;p style=&quot;line-height: 16px;&quot;&gt;&lt;img src=&quot;/OAManagingSystem/web/Common/ueditor/dialogs/attachment/fileTypeImages/icon_doc.gif&quot;/&gt;&lt;a style=&quot;font-size:12px; color:#0066cc;&quot; href=&quot;/OAManagingSystem/file/download.do?fileName=/ueditor/jsp/upload/file/20180325/1521957724387019508.docx&quot; title=&quot;厦门游.docx&quot;&gt;厦门游.docx&lt;/a&gt;&lt;/p&gt;&lt;p&gt;&lt;br/&gt;&lt;/p&gt;',0,'2018-03-25 14:02:12',0,'厦门游.docx','老板，我要去旅游',1,1),(19,'&lt;p&gt;老板，我要去旅游&lt;img src=&quot;/OAManagingSystem/ueditor/jsp/upload/image/20180325/1521959847671058005.gif&quot; title=&quot;1521959847671058005.gif&quot; alt=&quot;2017-02-11_150041.gif&quot;/&gt;&lt;/p&gt;',0,'2018-03-25 14:37:36',0,'老板，我要去旅游','老板，我要去旅游',1,1),(20,'&lt;p&gt;&lt;img src=&quot;/OAManagingSystem/ueditor/jsp/upload/image/20180325/1521959866641065780.gif&quot; title=&quot;1521959866641065780.gif&quot; alt=&quot;2017-02-11_150600.gif&quot;/&gt;老板，我要去旅游&lt;/p&gt;',0,'2018-03-25 14:37:48',0,'老板，我要去旅游','老板，我要去旅游',1,1),(21,'&lt;p&gt;老板，我要去旅游&lt;/p&gt;',0,'2018-03-25 14:37:58',0,'老板，我要去旅游','老板，我要去旅游',1,1),(22,'&lt;p&gt;老板，我要去旅游&lt;/p&gt;',0,'2018-03-25 14:37:58',0,'老板，我要去旅游','老板，我要去旅游',3,1),(23,'&lt;p&gt;老板，我要去旅游,老板，我要去旅游&lt;/p&gt;',1,'2018-03-25 14:38:49',0,'老板，我要去旅游,老板，我要去旅游','老板，我要去旅游',1,1),(24,'&lt;p&gt;老板，我要去旅游&lt;/p&gt;',0,'2018-03-25 14:38:56',0,'老板，我要去旅游','老板，我要去旅游,老板，我要去旅游',1,1),(25,'&lt;p&gt;老板，我要去旅游&lt;/p&gt;',0,'2018-03-25 14:42:08',0,'老板，我要去旅游','老板，我要去旅游,老板，我要去旅游',1,1),(26,'&lt;p&gt;老板，你更新一下&lt;/p&gt;',0,'2018-03-25 21:10:21',0,'老板，你更新一下','老板，你更新一下',1,3),(27,'&lt;p&gt;老板，你更新一下&lt;/p&gt;',0,'2018-03-25 21:11:25',0,'老板，你更新一下','老板，你更新一下',1,3),(28,'&lt;p&gt;老板，你更新一下&lt;/p&gt;',0,'2018-03-25 21:13:28',0,'老板，你更新一下','老板，你更新一下',3,3),(29,'&lt;p&gt;老板，你更新一下&lt;/p&gt;',0,'2018-03-25 21:14:24',0,'老板，你更新一下','老板，你更新一下',1,3),(30,'&lt;p&gt;老板，你更新一下&lt;/p&gt;',0,'2018-03-25 21:14:57',0,'老板，你更新一下','老板，你更新一下',1,3),(31,'&lt;p&gt;老板，你更新一下&lt;/p&gt;',0,'2018-03-25 21:49:04',0,'老板，你更新一下','老板，你更新一下',1,3),(32,'&lt;p&gt;老板，你更新一下&lt;/p&gt;',0,'2018-03-25 21:50:24',0,'老板，你更新一下','老板，你更新一下',1,3),(33,'&lt;p&gt;老板，你更新一下&lt;/p&gt;',0,'2018-03-25 21:50:45',0,'老板，你更新一下','老板，你更新一下',1,3),(34,'&lt;p&gt;老板，我要去旅游&lt;/p&gt;',0,'2018-03-25 21:52:12',0,'老板，我要去旅游','老板，我要去旅游',3,1),(35,'&lt;p&gt;老板，我要去旅游&lt;/p&gt;',0,'2018-03-25 21:53:31',0,'老板，我要去旅游','老板，我要去旅游',3,1),(36,'&lt;p&gt;老板，我要去旅游&lt;/p&gt;',0,'2018-03-25 21:56:06',0,'老板，我要去旅游','老板，我要去旅游',3,1),(37,'&lt;p&gt;老板，我要去旅游&lt;/p&gt;',0,'2018-03-25 22:14:17',0,'老板，我要去旅游','老板，我要去旅游',3,1),(38,'&lt;p&gt;老板，我要去旅游&lt;/p&gt;',0,'2018-03-25 22:14:27',0,'老板，我要去旅游','老板，我要去旅游',3,1),(39,'&lt;p&gt;老板，我要去旅游&lt;/p&gt;',0,'2018-03-25 22:14:40',0,'老板，我要去旅游','老板，我要去旅游',3,1),(40,'&lt;p&gt;老板，我要去旅游&lt;/p&gt;',0,'2018-03-25 22:14:53',0,'老板，我要去旅游','老板，我要去旅游',3,1),(41,'&lt;p&gt;老板，我要去旅游&lt;/p&gt;',0,'2018-03-25 22:15:02',0,'老板，我要去旅游','老板，我要去旅游',3,1),(42,'&lt;p&gt;老板，我要去旅游&lt;/p&gt;',0,'2018-03-25 22:16:00',0,'老板，我要去旅游','老板，我要去旅游',3,1),(43,'&lt;p&gt;老板，我要去旅游&lt;/p&gt;',0,'2018-03-25 22:20:18',0,'老板，我要去旅游','老板，我要去旅游',3,1),(44,'&lt;p&gt;老板，我要去旅游&lt;/p&gt;',0,'2018-03-25 22:21:49',0,'老板，我要去旅游','老板，我要去旅游',3,1);

/*Data for the table `ch_menu` */

insert  into `ch_menu`(`id`,`name`,`state`,`titleName`,`url`,`resource_id`,`iconClass`) values (1,'userManage',0,'用户管理','/rbac!userExecute.do',3,'glyphicon-briefcase'),(2,'roleManage',0,'角色管理','/rbac!roleExecute.do',3,'glyphicon-user'),(3,'menuManage',0,'菜单管理','/rbac!menuExecute.do',3,'glyphicon-list-alt'),(4,'resourceManage',0,'资源管理','/rbac!resourceExecute.do',3,'glyphicon-folder-open'),(21,'to-doList',0,'待办事项','/index!toDoExecute.do',1,'glyphicon-list'),(22,'calendar',0,'我的日程','/index!calendarExecute.do',1,'glyphicon-calendar'),(23,'notification',0,'内部公告','/index!notificationExecute.do',1,'glyphicon-pencil'),(24,'addressList',0,'通讯录','/index!addressListExecute.do',1,'glyphicon-book'),(25,'staffManage',0,'员工管理','/administer!staffExecute.do',10,'glyphicon-user'),(26,'recruitManage',0,'招聘管理','/administer!recruitExecute.do',10,'glyphicon-bullhorn'),(27,'staffDaily',0,'员工日报','/administer!dailyExecute.do',10,'glyphicon-briefcase'),(28,'fireStaff',0,'解雇员工','/administer!fireExecute.do',10,'glyphicon-alert'),(29,'myDaily',0,'我的日报','/index!myDailyExecute.do',1,'glyphicon-file'),(30,'newAsset',0,'新增资产','/asset!newExecute.do',11,'glyphicon-yen'),(31,'assignAsset',0,'分配资产','/asset!assignExecute.do',11,'glyphicon-hand-right'),(32,'deleteAsset',0,'删除资产','/asset!deleteExecute.do',11,'glyphicon-knight'),(33,'writeEmail',0,'写邮件','/email!writeExecute.do',2,'glyphicon-pencil'),(34,'inbox',0,'收件箱','/email!inboxExecute.do',2,'glyphicon-align-left'),(35,'outbox',0,'发件箱','/email!outboxExecute.do',2,'glyphicon-align-right'),(36,'draftbox',0,'草稿箱','/email!draftboxExecute.do',2,'glyphicon-align-justify');

/*Data for the table `ch_notification` */

insert  into `ch_notification`(`id`,`content`,`hasSee`,`updateTime`,`user_id`,`title`) values (1,'&lt;p&gt;&lt;strong&gt;这是第十个公告&lt;/strong&gt;&lt;/p&gt;',0,'2018-03-10 13:01:30',NULL,NULL),(2,'新的公告内容：<p><strong>这是第二个公告</strong></p>',1,'2018-03-09 13:59:28',1,'【系统通知】新的公告已经更新'),(3,'新的公告内容：<p><strong>这是第二个公告</strong></p>',0,'2018-03-09 13:59:28',3,'【系统通知】新的公告已经更新'),(32,'新的公告内容：<p><strong>这是第五个公告</strong></p>',0,'2018-03-09 14:16:00',1,'【系统通知】新的公告已经更新'),(33,'新的公告内容：<p><strong>这是第五个公告</strong></p>',0,'2018-03-09 14:16:00',3,'【系统通知】新的公告已经更新'),(34,'新的公告内容：<p><strong>这是第六个公告</strong></p>',0,'2018-03-09 14:24:29',1,'【系统通知】新的公告已经更新'),(35,'新的公告内容：<p><strong>这是第六个公告</strong></p>',0,'2018-03-09 14:24:29',3,'【系统通知】新的公告已经更新'),(36,'新的公告内容：<p><strong>这是第七个公告</strong></p>',0,'2018-03-09 14:28:04',1,'【系统通知】新的公告已经更新'),(37,'新的公告内容：<p><strong>这是第七个公告</strong></p>',0,'2018-03-09 14:28:04',3,'【系统通知】新的公告已经更新'),(38,'新的公告内容：<p><strong>这是第八个公告</strong></p>',1,'2018-03-09 14:44:59',1,'【系统通知】新的公告已经更新'),(39,'新的公告内容：<p><strong>这是第八个公告</strong></p>',0,'2018-03-09 14:44:59',3,'【系统通知】新的公告已经更新'),(41,'新的公告内容：<p><strong>这是第九个公告</strong></p>',0,'2018-03-09 14:46:03',3,'【系统通知】新的公告已经更新'),(42,'新的公告内容：<p><strong>这是第十个公告</strong></p>',0,'2018-03-10 13:01:30',1,'【系统通知】新的公告已经更新'),(43,'新的公告内容：<p><strong>这是第十个公告</strong></p>',0,'2018-03-10 13:01:30',3,'【系统通知】新的公告已经更新');

/*Data for the table `ch_outbox` */

insert  into `ch_outbox`(`id`,`acceptDetail`,`content`,`sendTime`,`state`,`summary`,`title`,`sendPerson`) values (1,'&lt;span class=&quot;accpetPersonSpan&quot; uid=&quot;3&quot;&gt;财务经理&amp;lt;ch@howard.com&amp;gt;&lt;span class=&quot;accpetPersonTime&quot;&gt;&times;&lt;/span&gt;&lt;/span&gt;','&lt;p&gt;老板，我真的想加工资&lt;/p&gt;','2018-03-22 15:55:15',0,'老板，我真的想加工资','老板，我真的想加工资',1),(2,'&lt;span class=&quot;accpetPersonSpan&quot; uid=&quot;1&quot;&gt;总经理&amp;lt;ch@howard.com&amp;gt;&lt;span class=&quot;accpetPersonTime&quot;&gt;&times;&lt;/span&gt;&lt;/span&gt;','&lt;p&gt;老板，我想加工资&lt;/p&gt;','2018-03-22 15:58:48',0,'老板，我想加工资','老板，我想加工资',1),(3,'&lt;span class=&quot;accpetPersonSpan&quot; uid=&quot;1&quot;&gt;总经理&amp;lt;ch@howard.com&amp;gt;&lt;span class=&quot;accpetPersonTime&quot;&gt;&times;&lt;/span&gt;&lt;/span&gt;','&lt;p&gt;老板，我真的想加工资&lt;/p&gt;','2018-03-22 15:59:04',0,'老板，我真的想加工资','老板，我真的想加工资',1),(4,'&lt;span class=&quot;accpetPersonSpan&quot; uid=&quot;1&quot;&gt;总经理&amp;lt;ch@howard.com&amp;gt;&lt;span class=&quot;accpetPersonTime&quot;&gt;&times;&lt;/span&gt;&lt;/span&gt;','&lt;p&gt;我爱我的家人&lt;/p&gt;','2018-03-22 16:17:18',0,'我爱我的家人','我爱我的家人',1),(5,'&lt;span class=&quot;accpetPersonSpan&quot; uid=&quot;1&quot;&gt;总经理&amp;lt;ch@howard.com&amp;gt;&lt;span class=&quot;accpetPersonTime&quot;&gt;&times;&lt;/span&gt;&lt;/span&gt;','&lt;p&gt;我爱我的家人啊&lt;/p&gt;','2018-03-22 16:17:32',0,'我爱我的家人啊','我爱我的家人啊',1),(8,'&lt;span class=&quot;accpetPersonSpan&quot; uid=&quot;1&quot;&gt;总经理&amp;lt;ch@howard.com&amp;gt;&lt;span class=&quot;accpetPersonTime&quot;&gt;&times;&lt;/span&gt;&lt;/span&gt;','&lt;p&gt;老板，我想加工资&lt;/p&gt;','2018-03-24 12:32:23',0,'老板，我想加工资','老板，我想加工资',1),(9,'&lt;span class=&quot;accpetPersonSpan&quot; uid=&quot;1&quot;&gt;总经理&amp;lt;ch@howard.com&amp;gt;&lt;span class=&quot;accpetPersonTime&quot;&gt;&times;&lt;/span&gt;&lt;/span&gt;','&lt;p&gt;老板，我想加工资&lt;/p&gt;','2018-03-24 12:33:48',0,'老板，我想加工资','老板，我想加工资',1),(10,'&lt;span class=&quot;accpetPersonSpan&quot; uid=&quot;1&quot;&gt;总经理&amp;lt;ch@howard.com&amp;gt;&lt;span class=&quot;accpetPersonTime&quot;&gt;&times;&lt;/span&gt;&lt;/span&gt;','&lt;p&gt;老板，我想加工资&lt;/p&gt;&lt;p&gt;&lt;br/&gt;&lt;/p&gt;','2018-03-24 12:34:45',0,'老板，我想加工资','老板，我想加工资',1),(11,'&lt;span class=&quot;accpetPersonSpan&quot; uid=&quot;1&quot;&gt;总经理&amp;lt;ch@howard.com&amp;gt;&lt;span class=&quot;accpetPersonTime&quot;&gt;&times;&lt;/span&gt;&lt;/span&gt;','&lt;p&gt;老板，我想加工资&lt;/p&gt;','2018-03-24 12:34:59',0,'老板，我想加工资','老板，我想加工资',1),(12,'&lt;span class=&quot;accpetPersonSpan&quot; uid=&quot;1&quot;&gt;总经理&amp;lt;ch@howard.com&amp;gt;&lt;span class=&quot;accpetPersonTime&quot;&gt;&times;&lt;/span&gt;&lt;/span&gt;','&lt;p&gt;老板，我想加工资&lt;/p&gt;','2018-03-24 12:35:04',0,'老板，我想加工资','老板，我想加工资',1),(13,'&lt;span class=&quot;accpetPersonSpan&quot; uid=&quot;1&quot;&gt;总经理&amp;lt;ch@howard.com&amp;gt;&lt;span class=&quot;accpetPersonTime&quot;&gt;&times;&lt;/span&gt;&lt;/span&gt;','&lt;p&gt;老板，我想加工资&lt;/p&gt;','2018-03-24 12:35:18',0,'老板，我想加工资','老板，我想加工资',1),(14,'&lt;span class=&quot;accpetPersonSpan&quot; uid=&quot;1&quot;&gt;总经理&amp;lt;ch@howard.com&amp;gt;&lt;span class=&quot;accpetPersonTime&quot;&gt;&times;&lt;/span&gt;&lt;/span&gt;','&lt;p&gt;&lt;img src=&quot;/OAManagingSystem/ueditor/jsp/upload/image/20180325/1521956648218017180.gif&quot; title=&quot;1521956648218017180.gif&quot; alt=&quot;2017-02-11_150041.gif&quot;/&gt;&lt;/p&gt;','2018-03-25 13:44:25',0,'','',1),(15,'&lt;span class=&quot;accpetPersonSpan&quot; uid=&quot;1&quot;&gt;总经理&amp;lt;ch@howard.com&amp;gt;&lt;span class=&quot;accpetPersonTime&quot;&gt;&times;&lt;/span&gt;&lt;/span&gt;','&lt;p&gt;&lt;img src=&quot;/OAManagingSystem/ueditor/jsp/upload/image/20180325/1521956865923000563.gif&quot; title=&quot;1521956865923000563.gif&quot; alt=&quot;2017-02-11_150600.gif&quot;/&gt;&lt;/p&gt;','2018-03-25 13:47:56',0,'','',1),(16,'&lt;span class=&quot;accpetPersonSpan&quot; uid=&quot;1&quot;&gt;总经理&amp;lt;ch@howard.com&amp;gt;&lt;span class=&quot;accpetPersonTime&quot;&gt;&times;&lt;/span&gt;&lt;/span&gt;','&lt;p&gt;&lt;img src=&quot;/OAManagingSystem/ueditor/jsp/upload/image/20180325/1521957034592015262.gif&quot; title=&quot;1521957034592015262.gif&quot; alt=&quot;2017-02-11_194508.gif&quot;/&gt;&lt;/p&gt;','2018-03-25 13:51:17',0,'','老板，我要去旅游',1),(17,'&lt;span class=&quot;accpetPersonSpan&quot; uid=&quot;1&quot;&gt;总经理&amp;lt;ch@howard.com&amp;gt;&lt;span class=&quot;accpetPersonTime&quot;&gt;&times;&lt;/span&gt;&lt;/span&gt;','&lt;p style=&quot;line-height: 16px;&quot;&gt;&lt;img src=&quot;/OAManagingSystem/web/Common/ueditor/dialogs/attachment/fileTypeImages/icon_doc.gif&quot;/&gt;&lt;a style=&quot;font-size:12px; color:#0066cc;&quot; href=&quot;/OAManagingSystem/file/download.do?fileName=/ueditor/jsp/upload/file/20180325/1521957724387019508.docx&quot; title=&quot;厦门游.docx&quot;&gt;厦门游.docx&lt;/a&gt;&lt;/p&gt;&lt;p&gt;&lt;br/&gt;&lt;/p&gt;','2018-03-25 14:02:12',0,'厦门游.docx','老板，我要去旅游',1),(18,'&lt;span class=&quot;accpetPersonSpan&quot; uid=&quot;1&quot;&gt;总经理&amp;lt;ch@howard.com&amp;gt;&lt;span class=&quot;accpetPersonTime&quot;&gt;&times;&lt;/span&gt;&lt;/span&gt;','&lt;p&gt;老板，我要去旅游&lt;img src=&quot;/OAManagingSystem/ueditor/jsp/upload/image/20180325/1521959847671058005.gif&quot; title=&quot;1521959847671058005.gif&quot; alt=&quot;2017-02-11_150041.gif&quot;/&gt;&lt;/p&gt;','2018-03-25 14:37:36',0,'老板，我要去旅游','老板，我要去旅游',1),(19,'&lt;span class=&quot;accpetPersonSpan&quot; uid=&quot;1&quot;&gt;总经理&amp;lt;ch@howard.com&amp;gt;&lt;span class=&quot;accpetPersonTime&quot;&gt;&times;&lt;/span&gt;&lt;/span&gt;','&lt;p&gt;&lt;img src=&quot;/OAManagingSystem/ueditor/jsp/upload/image/20180325/1521959866641065780.gif&quot; title=&quot;1521959866641065780.gif&quot; alt=&quot;2017-02-11_150600.gif&quot;/&gt;老板，我要去旅游&lt;/p&gt;','2018-03-25 14:37:48',0,'老板，我要去旅游','老板，我要去旅游',1),(20,'&lt;span class=&quot;accpetPersonSpan&quot; uid=&quot;1&quot;&gt;总经理&amp;lt;ch@howard.com&amp;gt;&lt;span class=&quot;accpetPersonTime&quot;&gt;&times;&lt;/span&gt;&lt;/span&gt;&lt;span class=&quot;accpetPersonSpan&quot; uid=&quot;3&quot;&gt;财务经理&amp;lt;ch@howard.com&amp;gt;&lt;span class=&quot;accpetPersonTime&quot;&gt;&times;&lt;/span&gt;&lt;/span&gt;','&lt;p&gt;老板，我要去旅游&lt;/p&gt;','2018-03-25 14:37:58',0,'老板，我要去旅游','老板，我要去旅游',1),(21,'&lt;span class=&quot;accpetPersonSpan&quot; uid=&quot;1&quot;&gt;总经理&amp;lt;ch@howard.com&amp;gt;&lt;span class=&quot;accpetPersonTime&quot;&gt;&times;&lt;/span&gt;&lt;/span&gt;','&lt;p&gt;老板，我要去旅游,老板，我要去旅游&lt;/p&gt;','2018-03-25 14:38:49',0,'老板，我要去旅游,老板，我要去旅游','老板，我要去旅游',1),(22,'&lt;span class=&quot;accpetPersonSpan&quot; uid=&quot;1&quot;&gt;总经理&amp;lt;ch@howard.com&amp;gt;&lt;span class=&quot;accpetPersonTime&quot;&gt;&times;&lt;/span&gt;&lt;/span&gt;','&lt;p&gt;老板，我要去旅游&lt;/p&gt;','2018-03-25 14:38:56',0,'老板，我要去旅游','老板，我要去旅游,老板，我要去旅游',1),(23,'&lt;span class=&quot;accpetPersonSpan&quot; uid=&quot;1&quot;&gt;总经理&amp;lt;ch@howard.com&amp;gt;&lt;span class=&quot;accpetPersonTime&quot;&gt;&times;&lt;/span&gt;&lt;/span&gt;','&lt;p&gt;老板，我要去旅游&lt;/p&gt;','2018-03-25 14:42:08',0,'老板，我要去旅游','老板，我要去旅游,老板，我要去旅游',1),(24,'&lt;span class=&quot;accpetPersonSpan&quot; uid=&quot;1&quot;&gt;总经理&amp;lt;ch@howard.com&amp;gt;&lt;span class=&quot;accpetPersonTime&quot;&gt;&times;&lt;/span&gt;&lt;/span&gt;','&lt;p&gt;老板，你更新一下&lt;/p&gt;','2018-03-25 21:10:21',0,'老板，你更新一下','老板，你更新一下',3),(25,'&lt;span class=&quot;accpetPersonSpan&quot; uid=&quot;1&quot;&gt;总经理&amp;lt;ch@howard.com&amp;gt;&lt;span class=&quot;accpetPersonTime&quot;&gt;&times;&lt;/span&gt;&lt;/span&gt;','&lt;p&gt;老板，你更新一下&lt;/p&gt;','2018-03-25 21:11:25',0,'老板，你更新一下','老板，你更新一下',3),(26,'&lt;span class=&quot;accpetPersonSpan&quot; uid=&quot;3&quot;&gt;财务经理&amp;lt;ch@howard.com&amp;gt;&lt;span class=&quot;accpetPersonTime&quot;&gt;&times;&lt;/span&gt;&lt;/span&gt;','&lt;p&gt;老板，你更新一下&lt;/p&gt;','2018-03-25 21:13:28',0,'老板，你更新一下','老板，你更新一下',3),(27,'&lt;span class=&quot;accpetPersonSpan&quot; uid=&quot;1&quot;&gt;总经理&amp;lt;ch@howard.com&amp;gt;&lt;span class=&quot;accpetPersonTime&quot;&gt;&times;&lt;/span&gt;&lt;/span&gt;','&lt;p&gt;老板，你更新一下&lt;/p&gt;','2018-03-25 21:14:24',0,'老板，你更新一下','老板，你更新一下',3),(28,'&lt;span class=&quot;accpetPersonSpan&quot; uid=&quot;1&quot;&gt;总经理&amp;lt;ch@howard.com&amp;gt;&lt;span class=&quot;accpetPersonTime&quot;&gt;&times;&lt;/span&gt;&lt;/span&gt;','&lt;p&gt;老板，你更新一下&lt;/p&gt;','2018-03-25 21:14:57',0,'老板，你更新一下','老板，你更新一下',3),(29,'&lt;span class=&quot;accpetPersonSpan&quot; uid=&quot;1&quot;&gt;总经理&amp;lt;ch@howard.com&amp;gt;&lt;span class=&quot;accpetPersonTime&quot;&gt;&times;&lt;/span&gt;&lt;/span&gt;','&lt;p&gt;老板，你更新一下&lt;/p&gt;','2018-03-25 21:49:04',0,'老板，你更新一下','老板，你更新一下',3),(30,'&lt;span class=&quot;accpetPersonSpan&quot; uid=&quot;1&quot;&gt;总经理&amp;lt;ch@howard.com&amp;gt;&lt;span class=&quot;accpetPersonTime&quot;&gt;&times;&lt;/span&gt;&lt;/span&gt;','&lt;p&gt;老板，你更新一下&lt;/p&gt;','2018-03-25 21:50:24',0,'老板，你更新一下','老板，你更新一下',3),(31,'&lt;span class=&quot;accpetPersonSpan&quot; uid=&quot;1&quot;&gt;总经理&amp;lt;ch@howard.com&amp;gt;&lt;span class=&quot;accpetPersonTime&quot;&gt;&times;&lt;/span&gt;&lt;/span&gt;','&lt;p&gt;老板，你更新一下&lt;/p&gt;','2018-03-25 21:50:45',0,'老板，你更新一下','老板，你更新一下',3),(32,'&lt;span class=&quot;accpetPersonSpan&quot; uid=&quot;3&quot;&gt;财务经理&amp;lt;ch@howard.com&amp;gt;&lt;span class=&quot;accpetPersonTime&quot;&gt;&times;&lt;/span&gt;&lt;/span&gt;','&lt;p&gt;老板，我要去旅游&lt;/p&gt;','2018-03-25 21:52:12',0,'老板，我要去旅游','老板，我要去旅游',1),(33,'&lt;span class=&quot;accpetPersonSpan&quot; uid=&quot;3&quot;&gt;财务经理&amp;lt;ch@howard.com&amp;gt;&lt;span class=&quot;accpetPersonTime&quot;&gt;&times;&lt;/span&gt;&lt;/span&gt;','&lt;p&gt;老板，我要去旅游&lt;/p&gt;','2018-03-25 21:53:31',0,'老板，我要去旅游','老板，我要去旅游',1),(34,'&lt;span class=&quot;accpetPersonSpan&quot; uid=&quot;3&quot;&gt;财务经理&amp;lt;ch@howard.com&amp;gt;&lt;span class=&quot;accpetPersonTime&quot;&gt;&times;&lt;/span&gt;&lt;/span&gt;','&lt;p&gt;老板，我要去旅游&lt;/p&gt;','2018-03-25 21:56:06',0,'老板，我要去旅游','老板，我要去旅游',1),(35,'&lt;span class=&quot;accpetPersonSpan&quot; uid=&quot;3&quot;&gt;财务经理&amp;lt;ch@howard.com&amp;gt;&lt;span class=&quot;accpetPersonTime&quot;&gt;&times;&lt;/span&gt;&lt;/span&gt;','&lt;p&gt;老板，我要去旅游&lt;/p&gt;','2018-03-25 22:14:17',0,'老板，我要去旅游','老板，我要去旅游',1),(36,'&lt;span class=&quot;accpetPersonSpan&quot; uid=&quot;3&quot;&gt;财务经理&amp;lt;ch@howard.com&amp;gt;&lt;span class=&quot;accpetPersonTime&quot;&gt;&times;&lt;/span&gt;&lt;/span&gt;','&lt;p&gt;老板，我要去旅游&lt;/p&gt;','2018-03-25 22:14:27',0,'老板，我要去旅游','老板，我要去旅游',1),(37,'&lt;span class=&quot;accpetPersonSpan&quot; uid=&quot;3&quot;&gt;财务经理&amp;lt;ch@howard.com&amp;gt;&lt;span class=&quot;accpetPersonTime&quot;&gt;&times;&lt;/span&gt;&lt;/span&gt;','&lt;p&gt;老板，我要去旅游&lt;/p&gt;','2018-03-25 22:14:40',0,'老板，我要去旅游','老板，我要去旅游',1),(38,'&lt;span class=&quot;accpetPersonSpan&quot; uid=&quot;3&quot;&gt;财务经理&amp;lt;ch@howard.com&amp;gt;&lt;span class=&quot;accpetPersonTime&quot;&gt;&times;&lt;/span&gt;&lt;/span&gt;','&lt;p&gt;老板，我要去旅游&lt;/p&gt;','2018-03-25 22:14:53',0,'老板，我要去旅游','老板，我要去旅游',1),(39,'&lt;span class=&quot;accpetPersonSpan&quot; uid=&quot;3&quot;&gt;财务经理&amp;lt;ch@howard.com&amp;gt;&lt;span class=&quot;accpetPersonTime&quot;&gt;&times;&lt;/span&gt;&lt;/span&gt;','&lt;p&gt;老板，我要去旅游&lt;/p&gt;','2018-03-25 22:15:02',0,'老板，我要去旅游','老板，我要去旅游',1),(40,'&lt;span class=&quot;accpetPersonSpan&quot; uid=&quot;3&quot;&gt;财务经理&amp;lt;ch@howard.com&amp;gt;&lt;span class=&quot;accpetPersonTime&quot;&gt;&times;&lt;/span&gt;&lt;/span&gt;','&lt;p&gt;老板，我要去旅游&lt;/p&gt;','2018-03-25 22:16:00',0,'老板，我要去旅游','老板，我要去旅游',1),(41,'&lt;span class=&quot;accpetPersonSpan&quot; uid=&quot;3&quot;&gt;财务经理&amp;lt;ch@howard.com&amp;gt;&lt;span class=&quot;accpetPersonTime&quot;&gt;&times;&lt;/span&gt;&lt;/span&gt;','&lt;p&gt;老板，我要去旅游&lt;/p&gt;','2018-03-25 22:20:18',0,'老板，我要去旅游','老板，我要去旅游',1),(42,'&lt;span class=&quot;accpetPersonSpan&quot; uid=&quot;3&quot;&gt;财务经理&amp;lt;ch@howard.com&amp;gt;&lt;span class=&quot;accpetPersonTime&quot;&gt;&times;&lt;/span&gt;&lt;/span&gt;','&lt;p&gt;老板，我要去旅游&lt;/p&gt;','2018-03-25 22:21:49',0,'老板，我要去旅游','老板，我要去旅游',1);

/*Data for the table `ch_resource` */

insert  into `ch_resource`(`id`,`name`,`state`,`titleName`,`url`) values (1,'index',0,'主页','/index.do'),(2,'email',0,'公司邮箱','/email.do'),(3,'rbac',0,'访问控制','/rbac.do'),(10,'administrationManage',0,'行政管理','/administer.do'),(11,'assetManage',0,'资产管理','/asset.do'),(12,'introduction',0,'公司信息','/intro.do');

/*Data for the table `ch_role` */

insert  into `ch_role`(`id`,`name`,`state`,`titleName`) values (1,'admin',0,'系统管理员'),(5,'authorityAdmin',0,'权限管理员'),(6,'Manager',0,'经理'),(7,'Staff',0,'员工'),(14,'tourist',0,'游客');

/*Data for the table `ch_staff` */

insert  into `ch_staff`(`id`,`address`,`birthday`,`email`,`name`,`phone`,`salary`,`sex`,`titleName`,`dept_id`,`job`,`has_user`) values (1,'Chinaguangdongprovinceguangzhoucity','2018-01-28 19:27:14','ch@howard.com','ch','10000',100000.1,1,'总经理',1,'总经理',1),(3,'ChinaGuangzhouHanghaixueyuan','2018-02-01 17:02:10','ch@howard.com','chenghao','10086',10000,0,'财务经理',5,'财务经理',1),(4,'ChinaGuandzhouHanghaixueyuan','2018-02-14 20:44:19','ch@howard.com','howard','10010',20000,1,'业务经理',3,'业务经理',0),(5,'ChinaGuandzhouHanghaixueyuan','2018-02-14 20:45:26','ch@howard.com','chhoward','123999',8000,1,'行政经理',4,'行政经理',0),(6,'ChinaGuandzhouHanghaixueyuan','2018-02-14 20:46:34','ch@howard.com','chenghaohoward','189999',50000,0,'技术经理',2,'技术经理',0),(8,'guangdongguangzhou6224','2018-02-14 20:59:13','ch6224@howard.com','Account Robot6224','13548626224',4000,0,'财务机器人6224号',7,'财务员工',0),(9,'guangdongguangzhou6492','2018-02-14 20:59:13','ch6492@howard.com','Account Robot6492','13548626492',4000,1,'财务机器人6492号',7,'财务员工',0),(10,'guangdongguangzhou1632','2018-02-14 20:59:13','ch1632@howard.com','Account Robot1632','13548621632',4000,0,'财务机器人1632号',7,'财务员工',0),(11,'guangdongguangzhou6442','2018-02-14 20:59:13','ch6442@howard.com','Account Robot6442','13548626442',4000,0,'财务机器人6442号',7,'财务员工',0),(12,'guangdongguangzhou6852','2018-02-14 20:59:13','ch6852@howard.com','Account Robot6852','13548626852',4000,1,'财务机器人6852号',7,'财务员工',0),(13,'guangdongguangzhou1095','2018-02-14 20:59:13','ch1095@howard.com','Account Robot1095','13548621095',4000,1,'财务机器人1095号',7,'财务员工',0),(14,'guangdongguangzhou7957','2018-02-14 20:59:13','ch7957@howard.com','Account Robot7957','13548627957',4000,1,'财务机器人7957号',7,'财务员工',0),(15,'guangdongguangzhou5720','2018-02-14 20:59:13','ch5720@howard.com','Account Robot5720','13548625720',4000,0,'财务机器人5720号',7,'财务员工',0),(16,'guangdongguangzhou2016','2018-02-14 20:59:13','ch2016@howard.com','Account Robot2016','13548622016',4000,1,'财务机器人2016号',7,'财务员工',0),(17,'guangdongguangzhou1502','2018-02-14 20:59:13','ch1502@howard.com','Account Robot1502','13548621502',4000,0,'财务机器人1502号',7,'财务员工',0),(18,'guangdongguangzhou9310','2018-02-14 20:59:13','ch9310@howard.com','Account Robot9310','13548629310',4000,1,'财务机器人9310号',7,'财务员工',0),(19,'guangdongguangzhou4310','2018-02-14 20:59:13','ch4310@howard.com','Account Robot4310','13548624310',4000,1,'财务机器人4310号',7,'财务员工',0),(20,'guangdongguangzhou7021','2018-02-14 20:59:13','ch7021@howard.com','Account Robot7021','13548627021',4000,0,'财务机器人7021号',7,'财务员工',0),(21,'guangdongguangzhou3483','2018-02-14 20:59:13','ch3483@howard.com','Account Robot3483','13548623483',4000,1,'财务机器人3483号',7,'财务员工',0),(22,'guangdongguangzhou3545','2018-02-14 20:59:13','ch3545@howard.com','Account Robot3545','13548623545',4000,1,'财务机器人3545号',7,'财务员工',0),(23,'guangdongguangzhou1123','2018-02-14 20:59:13','ch1123@howard.com','Account Robot1123','13548621123',4000,1,'财务机器人1123号',7,'财务员工',0),(24,'guangdongguangzhou5322','2018-02-14 20:59:13','ch5322@howard.com','Account Robot5322','13548625322',4000,0,'财务机器人5322号',7,'财务员工',0),(25,'guangdongguangzhou6520','2018-02-14 20:59:13','ch6520@howard.com','Account Robot6520','13548626520',4000,1,'财务机器人6520号',7,'财务员工',0),(26,'guangdongguangzhou6135','2018-02-14 20:59:13','ch6135@howard.com','Account Robot6135','13548626135',4000,1,'财务机器人6135号',7,'财务员工',0),(27,'guangdongguangzhou1452','2018-02-14 21:02:50','ch1452@howard.com','Programmer Robot1452','18848621452',7000,0,'程序员机器人1452号',6,'技术员工',0),(28,'guangdongguangzhou2813','2018-02-14 21:02:50','ch2813@howard.com','Programmer Robot2813','18848622813',6000,0,'程序员机器人2813号',6,'技术员工',0),(29,'guangdongguangzhou1065','2018-02-14 21:02:50','ch1065@howard.com','Programmer Robot1065','18848621065',6000,0,'程序员机器人1065号',6,'技术员工',0),(30,'guangdongguangzhou9156','2018-02-14 21:02:50','ch9156@howard.com','Programmer Robot9156','18848629156',6000,0,'程序员机器人9156号',6,'技术员工',0),(31,'guangdongguangzhou5536','2018-02-14 21:02:50','ch5536@howard.com','Programmer Robot5536','18848625536',6000,0,'程序员机器人5536号',6,'技术员工',0),(32,'guangdongguangzhou7768','2018-02-14 21:02:50','ch7768@howard.com','Programmer Robot7768','18848627768',6000,1,'程序员机器人7768号',6,'技术员工',0),(33,'guangdongguangzhou7820','2018-02-14 21:02:50','ch7820@howard.com','Programmer Robot7820','18848627820',6000,1,'程序员机器人7820号',6,'技术员工',0),(34,'guangdongguangzhou2235','2018-02-14 21:02:50','ch2235@howard.com','Programmer Robot2235','18848622235',6000,0,'程序员机器人2235号',6,'技术员工',0),(35,'guangdongguangzhou768','2018-02-14 21:02:50','ch768@howard.com','Programmer Robot768','18848627680',6000,1,'程序员机器人768号',6,'技术员工',0),(36,'guangdongguangzhou7504','2018-02-14 21:02:50','ch7504@howard.com','Programmer Robot7504','18848627504',6000,1,'程序员机器人7504号',6,'技术员工',0),(37,'guangdongguangzhou3280','2018-02-14 21:02:50','ch3280@howard.com','Programmer Robot3280','18848623280',6000,0,'程序员机器人3280号',6,'技术员工',0),(38,'guangdongguangzhou8044','2018-02-14 21:02:50','ch8044@howard.com','Programmer Robot8044','18848628044',6000,0,'程序员机器人8044号',6,'技术员工',0),(39,'guangdongguangzhou6363','2018-02-14 21:02:50','ch6363@howard.com','Programmer Robot6363','18848626363',6000,0,'程序员机器人6363号',6,'技术员工',0),(40,'guangdongguangzhou9480','2018-02-14 21:02:50','ch9480@howard.com','Programmer Robot9480','18848629480',6000,1,'程序员机器人9480号',6,'技术员工',0),(41,'guangdongguangzhou8258','2018-02-14 21:02:50','ch8258@howard.com','Programmer Robot8258','18848628258',6000,0,'程序员机器人8258号',6,'技术员工',0),(42,'guangdongguangzhou4160','2018-02-14 21:02:50','ch4160@howard.com','Programmer Robot4160','18848624160',6000,0,'程序员机器人4160号',6,'技术员工',0),(43,'guangdongguangzhou517','2018-02-14 21:02:50','ch517@howard.com','Programmer Robot517','18848625170',6000,1,'程序员机器人517号',6,'技术员工',0),(44,'guangdongguangzhou5304','2018-02-14 21:02:50','ch5304@howard.com','Programmer Robot5304','18848625304',6000,0,'程序员机器人5304号',6,'技术员工',0),(45,'guangdongguangzhou4989','2018-02-14 21:02:50','ch4989@howard.com','Programmer Robot4989','18848624989',6000,1,'程序员机器人4989号',6,'技术员工',0),(46,'guangdongguangzhou8831','2018-02-14 21:02:50','ch8831@howard.com','Programmer Robot8831','18848628831',6000,0,'程序员机器人8831号',6,'技术员工',0),(47,'guangdongguangzhou2558','2018-02-14 21:04:48','ch2558@howard.com','Business Robot2558','18848622558',5000,0,'业务机器人2558号',9,'业务员工',0),(48,'guangdongguangzhou2261','2018-02-14 21:04:48','ch2261@howard.com','Business Robot2261','18848622261',5000,1,'业务机器人2261号',9,'业务员工',0),(49,'guangdongguangzhou9320','2018-02-14 21:04:48','ch9320@howard.com','Business Robot9320','18848629320',5000,0,'业务机器人9320号',9,'业务员工',0),(50,'guangdongguangzhou4173','2018-02-14 21:04:48','ch4173@howard.com','Business Robot4173','18848624173',5000,0,'业务机器人4173号',9,'业务员工',0),(51,'guangdongguangzhou8048','2018-02-14 21:04:48','ch8048@howard.com','Business Robot8048','18848628048',5000,0,'业务机器人8048号',9,'业务员工',0),(52,'guangdongguangzhou732','2018-02-14 21:04:48','ch732@howard.com','Business Robot732','18848627320',5000,0,'业务机器人732号',9,'业务员工',0),(53,'guangdongguangzhou258','2018-02-14 21:04:48','ch258@howard.com','Business Robot258','18848622580',5000,0,'业务机器人258号',9,'业务员工',0),(54,'guangdongguangzhou7010','2018-02-14 21:04:48','ch7010@howard.com','Business Robot7010','18848627010',5000,1,'业务机器人7010号',9,'业务员工',0),(55,'guangdongguangzhou9001','2018-02-14 21:04:48','ch9001@howard.com','Business Robot9001','18848629001',5000,0,'业务机器人9001号',9,'业务员工',0),(56,'guangdongguangzhou2668','2018-02-14 21:04:48','ch2668@howard.com','Business Robot2668','18848622668',5000,0,'业务机器人2668号',9,'业务员工',0),(57,'guangdongguangzhou9926','2018-02-14 21:04:48','ch9926@howard.com','Business Robot9926','18848629926',5000,0,'业务机器人9926号',9,'业务员工',0),(58,'guangdongguangzhou213','2018-02-14 21:04:48','ch213@howard.com','Business Robot213','18848622130',5000,1,'业务机器人213号',9,'业务员工',0),(59,'guangdongguangzhou7852','2018-02-14 21:04:48','ch7852@howard.com','Business Robot7852','18848627852',5000,1,'业务机器人7852号',9,'业务员工',0),(60,'guangdongguangzhou4552','2018-02-14 21:04:48','ch4552@howard.com','Business Robot4552','18848624552',5000,0,'业务机器人4552号',9,'业务员工',0),(61,'guangdongguangzhou2935','2018-02-14 21:04:48','ch2935@howard.com','Business Robot2935','18848622935',5000,1,'业务机器人2935号',9,'业务员工',0),(62,'guangdongguangzhou5354','2018-02-14 21:04:48','ch5354@howard.com','Business Robot5354','18848625354',5000,0,'业务机器人5354号',9,'业务员工',0),(63,'guangdongguangzhou8295','2018-02-14 21:04:48','ch8295@howard.com','Business Robot8295','18848628295',5000,0,'业务机器人8295号',9,'业务员工',0),(64,'guangdongguangzhou3579','2018-02-14 21:04:48','ch3579@howard.com','Business Robot3579','18848623579',5000,0,'业务机器人3579号',9,'业务员工',0),(65,'guangdongguangzhou5311','2018-02-14 21:04:48','ch5311@howard.com','Business Robot5311','18848625311',5000,0,'业务机器人5311号',9,'业务员工',0),(66,'guangdongguangzhou4876','2018-02-14 21:04:48','ch4876@howard.com','Business Robot4876','18848624876',5000,1,'业务机器人4876号',9,'业务员工',0),(67,'guangdongguangzhou7662','2018-02-14 21:06:12','ch7662@howard.com','Administrator Robot7662','15848627662',5000,0,'行政机器人7662号',8,'行政员工',0),(68,'guangdongguangzhou1109','2018-02-14 21:06:12','ch1109@howard.com','Administrator Robot1109','15848621109',5000,1,'行政机器人1109号',8,'行政员工',0),(69,'guangdongguangzhou1339','2018-02-14 21:06:12','ch1339@howard.com','Administrator Robot1339','15848621339',5000,0,'行政机器人1339号',8,'行政员工',0),(70,'guangdongguangzhou2063','2018-02-14 21:06:12','ch2063@howard.com','Administrator Robot2063','15848622063',5000,0,'行政机器人2063号',8,'行政员工',0),(71,'guangdongguangzhou1651','2018-02-14 21:06:12','ch1651@howard.com','Administrator Robot1651','15848621651',5000,1,'行政机器人1651号',8,'行政员工',0),(72,'guangdongguangzhou3826','2018-02-14 21:06:12','ch3826@howard.com','Administrator Robot3826','15848623826',5000,0,'行政机器人3826号',8,'行政员工',0),(73,'guangdongguangzhou226','2018-02-14 21:06:12','ch226@howard.com','Administrator Robot226','1584862226',5000,1,'行政机器人226号',8,'行政员工',0),(74,'guangdongguangzhou8625','2018-02-14 21:06:12','ch8625@howard.com','Administrator Robot8625','15848628625',5000,0,'行政机器人8625号',8,'行政员工',0),(75,'guangdongguangzhou4036','2018-02-14 21:06:12','ch4036@howard.com','Administrator Robot4036','15848624036',5000,1,'行政机器人4036号',8,'行政员工',0),(76,'guangdongguangzhou8207','2018-02-14 21:06:12','ch8207@howard.com','Administrator Robot8207','15848628207',5000,1,'行政机器人8207号',8,'行政员工',0),(77,'guangdongguangzhou6714','2018-02-14 21:06:12','ch6714@howard.com','Administrator Robot6714','15848626714',5000,0,'行政机器人6714号',8,'行政员工',0),(78,'guangdongguangzhou9701','2018-02-14 21:06:12','ch9701@howard.com','Administrator Robot9701','15848629701',5000,0,'行政机器人9701号',8,'行政员工',0),(79,'guangdongguangzhou9313','2018-02-14 21:06:12','ch9313@howard.com','Administrator Robot9313','15848629313',5000,0,'行政机器人9313号',8,'行政员工',0),(80,'guangdongguangzhou3329','2018-02-14 21:06:12','ch3329@howard.com','Administrator Robot3329','15848623329',5000,1,'行政机器人3329号',8,'行政员工',0),(81,'guangdongguangzhou4122','2018-02-14 21:06:12','ch4122@howard.com','Administrator Robot4122','15848624122',5000,0,'行政机器人4122号',8,'行政员工',0),(82,'guangdongguangzhou5533','2018-02-14 21:06:12','ch5533@howard.com','Administrator Robot5533','15848625533',5000,1,'行政机器人5533号',8,'行政员工',0),(83,'guangdongguangzhou7933','2018-02-14 21:06:12','ch7933@howard.com','Administrator Robot7933','15848627933',5000,1,'行政机器人7933号',8,'行政员工',0),(84,'guangdongguangzhou5909','2018-02-14 21:06:12','ch5909@howard.com','Administrator Robot5909','15848625909',5000,0,'行政机器人5909号',8,'行政员工',0),(85,'guangdongguangzhou505','2018-02-14 21:06:12','ch505@howard.com','Administrator Robot505','1584862505',5000,1,'行政机器人505号',8,'行政员工',0),(86,'guangdongguangzhou2667','2018-02-14 21:06:12','ch2667@howard.com','Administrator Robot2667','15848622667',5000,0,'行政机器人2667号',8,'行政员工',0),(87,'chinabeijing','2018-03-10 22:23:52','ch@howard.com','robot No1','13885469596',9000,1,'一机器人',2,'人工智能专家',0);

/*Data for the table `ch_user` */

insert  into `ch_user`(`id`,`loginTime`,`password`,`state`,`username`,`staff_id`) values (1,'2018-01-30 13:49:19','344979ffda81fa50efce4845f907727a',0,'ch',1),(3,'2018-02-17 18:33:14','e68fb54e524216f5cfbc0c4aca5ee395',0,'chenghao',3);

/*Data for the table `ch_visitrecord` */

insert  into `ch_visitrecord`(`id`,`name`,`visitTime`,`user_id`) values (1,'京东快递','2018-03-19 14:07:49',1),(2,'华为公司','2018-03-19 14:12:06',1),(3,'竞争者912号','2018-03-19 14:12:11',1),(4,'联系人572号','2018-03-19 14:12:14',1),(5,'联系人572号','2018-03-19 14:12:58',1),(6,'竞争者912号','2018-03-19 14:13:02',1),(7,'联系人759号','2018-03-19 14:13:19',1),(8,'京东快递','2018-03-26 16:10:06',1),(9,'联系人726号','2018-03-26 18:54:12',1);

/*Data for the table `role_menu` */

insert  into `role_menu`(`role_id`,`menu_id`) values (1,1),(5,1),(7,1),(1,2),(5,2),(7,2),(1,3),(5,3),(7,3),(1,4),(5,4),(1,25),(1,26),(1,27),(6,27),(1,28),(6,28);

/*Data for the table `user_role` */

insert  into `user_role`(`user_id`,`role_id`) values (1,1),(3,7);

/*!40101 SET SQL_MODE=@OLD_SQL_MODE */;
/*!40014 SET FOREIGN_KEY_CHECKS=@OLD_FOREIGN_KEY_CHECKS */;
/*!40014 SET UNIQUE_CHECKS=@OLD_UNIQUE_CHECKS */;
/*!40111 SET SQL_NOTES=@OLD_SQL_NOTES */;
